url_original,path_original,tipo_detectado,estatus_mapeo,url_destino_sugerida,confianza,motivo
https://artiani.com.mx/,/,desconocido,sin_equivalente,,baja,requiere_revision_manual
https://artiani.com.mx/carrito/empty-cart.html,/carrito/empty-cart.html,desconocido,sin_equivalente,,baja,requiere_revision_manual
https://artiani.com.mx/carrito/index-skin-base-ball.html,/carrito/index-skin-base-ball.html,desconocido,sin_equivalente,,baja,requiere_revision_manual
https://artiani.com.mx/carrito/index-skin-football.html,/carrito/index-skin-football.html,desconocido,sin_equivalente,,baja,requiere_revision_manual
https://artiani.com.mx/carrito/index-skin-snowboards.html,/carrito/index-skin-snowboards.html,desconocido,sin_equivalente,,baja,requiere_revision_manual
https://artiani.com.mx/carrito/index.html,/carrito/index.html,desconocido,sin_equivalente,,baja,requiere_revision_manual
https://artiani.com.mx/carrito/product.html,/carrito/product.html,producto,sin_equivalente,,baja,requiere_revision_manual
https://artiani.com.mx/carrito/vista_previa,/carrito/vista_previa,desconocido,sin_equivalente,,baja,requiere_revision_manual
https://artiani.com.mx/collections/empty-cart.html,/collections/empty-cart.html,desconocido,sin_equivalente,,baja,requiere_revision_manual
https://artiani.com.mx/collections/index-skin-base-ball.html,/collections/index-skin-base-ball.html,desconocido,sin_equivalente,,baja,requiere_revision_manual
https://artiani.com.mx/collections/index-skin-football.html,/collections/index-skin-football.html,desconocido,sin_equivalente,,baja,requiere_revision_manual
https://artiani.com.mx/collections/index-skin-snowboards.html,/collections/index-skin-snowboards.html,desconocido,sin_equivalente,,baja,requiere_revision_manual
https://artiani.com.mx/collections/index.html,/collections/index.html,desconocido,sin_equivalente,,baja,requiere_revision_manual
https://artiani.com.mx/collections/listing-collection.html,/collections/listing-collection.html,desconocido,sin_equivalente,,baja,requiere_revision_manual
https://artiani.com.mx/collections/listing-left-column.html,/collections/listing-left-column.html,desconocido,sin_equivalente,,baja,requiere_revision_manual
https://artiani.com.mx/collections/product.html,/collections/product.html,producto,sin_equivalente,,baja,requiere_revision_manual
https://artiani.com.mx/collections/womens,/collections/womens,desconocido,sin_equivalente,,baja,requiere_revision_manual
https://artiani.com.mx/contacto,/contacto,desconocido,sin_equivalente,,baja,requiere_revision_manual
https://artiani.com.mx/empty-cart.html,/empty-cart.html,desconocido,sin_equivalente,,baja,requiere_revision_manual
https://artiani.com.mx/index-skin-base-ball.html,/index-skin-base-ball.html,desconocido,sin_equivalente,,baja,requiere_revision_manual
https://artiani.com.mx/index-skin-football.html,/index-skin-football.html,desconocido,sin_equivalente,,baja,requiere_revision_manual
https://artiani.com.mx/index-skin-snowboards.html,/index-skin-snowboards.html,desconocido,sin_equivalente,,baja,requiere_revision_manual
https://artiani.com.mx/index.html,/index.html,desconocido,sin_equivalente,,baja,requiere_revision_manual
https://artiani.com.mx/listing-collection.html,/listing-collection.html,desconocido,sin_equivalente,,baja,requiere_revision_manual
https://artiani.com.mx/listing-left-column.html,/listing-left-column.html,desconocido,sin_equivalente,,baja,requiere_revision_manual
https://artiani.com.mx/product.html,/product.html,producto,sin_equivalente,,baja,requiere_revision_manual
https://artiani.com.mx/producto/-Banera-casa-para-hamster-azul/TINA-01H,/producto/-Banera-casa-para-hamster-azul/TINA-01H,producto,sugerido,/producto/aclarador-de-ojos-para-tortugas-30-ml-pza-fl1108,baja,tokens_compartidos_1
https://artiani.com.mx/producto/-Grava-cacahuate-por-costal/GRA-01,/producto/-Grava-cacahuate-por-costal/GRA-01,producto,sin_equivalente,,baja,requiere_revision_manual
https://artiani.com.mx/producto/Aclarador-de-ojos-para-tortuga/ACLA-30,/producto/Aclarador-de-ojos-para-tortuga/ACLA-30,producto,sugerido,/producto/aclarador-de-ojos-para-tortugas-30-ml-pza-fl1108,media,tokens_compartidos_3
https://artiani.com.mx/producto/Acuario-de-coliseo-70-lts-con-mueble-/NANO-08,/producto/Acuario-de-coliseo-70-lts-con-mueble-/NANO-08,producto,sugerido,/producto/acuario-de-coliseo-70-lts-con-mueble-pza-4063,media,tokens_compartidos_5
https://artiani.com.mx/producto/Acuario-imperio-con-mueble-100-Lts-/NANO-09,/producto/Acuario-imperio-con-mueble-100-Lts-/NANO-09,producto,sugerido,/producto/acuario-de-coliseo-70-lts-con-mueble-pza-4063,media,tokens_compartidos_4
https://artiani.com.mx/producto/Acuario-nano-minus-15-lts/NANO-02,/producto/Acuario-nano-minus-15-lts/NANO-02,producto,sugerido,/producto/acuario-nano-12-lts-aquakrill-29-x-23-x-36-cm-pza-b-226,media,tokens_compartidos_3
https://artiani.com.mx/producto/Acuario-nano-redu-21-L/NANO-06,/producto/Acuario-nano-redu-21-L/NANO-06,producto,sugerido,/producto/acuario-nano-redu-21-l-pza-us0610,media,tokens_compartidos_3
https://artiani.com.mx/producto/Alimento-betta-bit-frasco/ALI-25B,/producto/Alimento-betta-bit-frasco/ALI-25B,producto,sugerido,/producto/alimento-betta-bit-frasco-pza-q125,media,tokens_compartidos_4
https://artiani.com.mx/producto/Alimento-betta-premium-8-gramos-/ALI-8B,/producto/Alimento-betta-premium-8-gramos-/ALI-8B,producto,sugerido,/producto/alimento-betta-premium-8-gramos-pza-wat646,media,tokens_compartidos_4
https://artiani.com.mx/producto/Alimento-betta-premium-sobre-/ALIB-28,/producto/Alimento-betta-premium-sobre-/ALIB-28,producto,sugerido,/producto/alimento-betta-premium-8-gramos-pza-wat646,media,tokens_compartidos_3
https://artiani.com.mx/producto/Alimento-bettabit-sobre-/ALI-50B,/producto/Alimento-bettabit-sobre-/ALI-50B,producto,sugerido,/producto/alimento-bettabit-sobre-pza-q860,media,tokens_compartidos_3
https://artiani.com.mx/producto/Alimento-de-vacaciones-para-peces/ALI-4V,/producto/Alimento-de-vacaciones-para-peces/ALI-4V,producto,sugerido,/producto/alimento-de-vacaciones-1-pieza-para-peces-pza-q150,media,tokens_compartidos_4
https://artiani.com.mx/producto/Alimento-para-chinchilla-red-/ALICHI-01,/producto/Alimento-para-chinchilla-red-/ALICHI-01,producto,sugerido,/producto/alimento-banana-crunch-para-conejo-pza-1911202504,baja,tokens_compartidos_2
https://artiani.com.mx/producto/Alimento-para-erizo-bombyx-grande/ALIE-1.2B,/producto/Alimento-para-erizo-bombyx-grande/ALIE-1.2B,producto,sugerido,/producto/alimento-hojuela-tropical-grande-para-peces-pza-tp-3504,media,tokens_compartidos_3
https://artiani.com.mx/producto/Alimento-para-erizo-tenebrio-grande/ALIE-1.2T,/producto/Alimento-para-erizo-tenebrio-grande/ALIE-1.2T,producto,sugerido,/producto/alimento-hojuela-tropical-grande-para-peces-pza-tp-3504,media,tokens_compartidos_3
https://artiani.com.mx/producto/Alimento-para-gato-adulto-indoor-nupec-1.5-kg/NUGAIN-01,/producto/Alimento-para-gato-adulto-indoor-nupec-1.5-kg/NUGAIN-01,producto,sugerido,/producto/alimento-croqueta-para-gato-adulto-indoor-nupec-1-5-kg-pza-nuec-fenoaduor1500g,media,tokens_compartidos_6
https://artiani.com.mx/producto/Alimento-para-gato-adulto-indoor-nupec-3kg/NUPI-01,/producto/Alimento-para-gato-adulto-indoor-nupec-3kg/NUPI-01,producto,sugerido,/producto/alimento-croqueta-para-gato-adulto-indoor-nupec-1-5-kg-pza-nuec-fenoaduor1500g,media,tokens_compartidos_6
https://artiani.com.mx/producto/Alimento-para-gato-kitten-nupec-3kg/KINU-01,/producto/Alimento-para-gato-kitten-nupec-3kg/KINU-01,producto,sugerido,/producto/alimento-croqueta-para-gato-kitten-nupec-1-5-kg-pza-nuec-fenokien1500g,media,tokens_compartidos_5
https://artiani.com.mx/producto/Alimento-para-huron-fortificada-/ALIU-02,/producto/Alimento-para-huron-fortificada-/ALIU-02,producto,sugerido,/producto/alimento-banana-crunch-para-conejo-pza-1911202504,baja,tokens_compartidos_2
https://artiani.com.mx/producto/Alimento-para-huron-premium/ALIU-01,/producto/Alimento-para-huron-premium/ALIU-01,producto,sugerido,/producto/alimento-completo-premium-para-erizos-hedgehog-1kg-pza-ala-0014,media,tokens_compartidos_3
https://artiani.com.mx/producto/Alimento-para-iguana-juvenil-350-gramos-/ALII-03,/producto/Alimento-para-iguana-juvenil-350-gramos-/ALII-03,producto,sugerido,/producto/alimento-banana-crunch-para-conejo-pza-1911202504,baja,tokens_compartidos_2
https://artiani.com.mx/producto/Alimento-para-peces-de-fondo-70-grs/ALIF-01,/producto/Alimento-para-peces-de-fondo-70-grs/ALIF-01,producto,sugerido,/producto/alimento-churro-blanco-para-peces-100-gr-g-tp-40372-100gr,media,tokens_compartidos_3
https://artiani.com.mx/producto/Alimento-para-tortuga-bites-(bolitas)/ALITO-01,/producto/Alimento-para-tortuga-bites-(bolitas)/ALITO-01,producto,sugerido,/producto/alimento-banana-crunch-para-conejo-pza-1911202504,baja,tokens_compartidos_2
https://artiani.com.mx/producto/Alimento-para-tortuga-reptil-sticks-300-grs/ALITO-05,/producto/Alimento-para-tortuga-reptil-sticks-300-grs/ALITO-05,producto,sugerido,/producto/alimento-banana-crunch-para-conejo-pza-1911202504,baja,tokens_compartidos_2
https://artiani.com.mx/producto/Alimento-para-tortuga-stick-(palitos)/ALITO-02,/producto/Alimento-para-tortuga-stick-(palitos)/ALITO-02,producto,sugerido,/producto/alimento-banana-crunch-para-conejo-pza-1911202504,baja,tokens_compartidos_2
https://artiani.com.mx/producto/Alimento-para-tortuga-sticks-baby-mini-/ALITO-03,/producto/Alimento-para-tortuga-sticks-baby-mini-/ALITO-03,producto,sugerido,/producto/alimento-hojuela-basicas-mini-para-peces-pza-wa001,media,tokens_compartidos_3
https://artiani.com.mx/producto/Alimento_bioflock_artemia_160_grs/ALI-160F,/producto/Alimento_bioflock_artemia_160_grs/ALI-160F,producto,sugerido,/producto/alimento-banana-crunch-para-conejo-pza-1911202504,baja,tokens_compartidos_1
https://artiani.com.mx/producto/Alimento_para_erizo_bombyx_mediano/ALIE-700B,/producto/Alimento_para_erizo_bombyx_mediano/ALIE-700B,producto,sugerido,/producto/alimento-banana-crunch-para-conejo-pza-1911202504,baja,tokens_compartidos_2
https://artiani.com.mx/producto/Alimento_para_erizo_tenebrio_mediano/ALIE-700T,/producto/Alimento_para_erizo_tenebrio_mediano/ALIE-700T,producto,sugerido,/producto/alimento-banana-crunch-para-conejo-pza-1911202504,baja,tokens_compartidos_2
https://artiani.com.mx/producto/Alimento_premium_para_pez_goldfish_90_grs/ALI-90G,/producto/Alimento_premium_para_pez_goldfish_90_grs/ALI-90G,producto,sugerido,/producto/alimento-completo-premium-para-erizos-hedgehog-1kg-pza-ala-0014,media,tokens_compartidos_3
https://artiani.com.mx/producto/Alimento_tropical_premium_90_gramos_/ALI-90TR,/producto/Alimento_tropical_premium_90_gramos_/ALI-90TR,producto,sugerido,/producto/alimento-betta-premium-8-gramos-pza-wat646,media,tokens_compartidos_3
https://artiani.com.mx/producto/Antiacaros-eri-clean-para-erizo-/ANAC-01,/producto/Antiacaros-eri-clean-para-erizo-/ANAC-01,producto,sugerido,/producto/aclarador-de-ojos-para-tortugas-30-ml-pza-fl1108,baja,tokens_compartidos_1
https://artiani.com.mx/producto/Arenero-italiano-gris-/ARO-11G,/producto/Arenero-italiano-gris-/ARO-11G,producto,sin_equivalente,,baja,requiere_revision_manual
https://artiani.com.mx/producto/Arenero-marco-plus-grande-/ARO-15,/producto/Arenero-marco-plus-grande-/ARO-15,producto,sugerido,/producto/alimento-hojuela-tropical-grande-para-peces-pza-tp-3504,baja,tokens_compartidos_1
https://artiani.com.mx/producto/Arenero-plus-azul-/ARO-12,/producto/Arenero-plus-azul-/ARO-12,producto,sin_equivalente,,baja,requiere_revision_manual
https://artiani.com.mx/producto/Arenero-tapado-verde-/ARO-07,/producto/Arenero-tapado-verde-/ARO-07,producto,sin_equivalente,,baja,requiere_revision_manual
https://artiani.com.mx/producto/Atrayente-para-cachorros-/ATRA-01,/producto/Atrayente-para-cachorros-/ATRA-01,producto,sugerido,/producto/aclarador-de-ojos-para-tortugas-30-ml-pza-fl1108,baja,tokens_compartidos_1
https://artiani.com.mx/producto/Azul-de-metileno-60-ml-/AZUL-02,/producto/Azul-de-metileno-60-ml-/AZUL-02,producto,sin_equivalente,,baja,requiere_revision_manual
https://artiani.com.mx/producto/Banera-casa-para-hamster-verde-/TINA-02H,/producto/Banera-casa-para-hamster-verde-/TINA-02H,producto,sugerido,/producto/aclarador-de-ojos-para-tortugas-30-ml-pza-fl1108,baja,tokens_compartidos_1
https://artiani.com.mx/producto/Base-panoramica-5-patas-50cm/BASP-05,/producto/Base-panoramica-5-patas-50cm/BASP-05,producto,sin_equivalente,,baja,requiere_revision_manual
https://artiani.com.mx/producto/Base-rectangular-de-herreria-para-pecera-60-x-30-cm/BASR-03,/producto/Base-rectangular-de-herreria-para-pecera-60-x-30-cm/BASR-03,producto,sugerido,/producto/aclarador-de-ojos-para-tortugas-30-ml-pza-fl1108,baja,tokens_compartidos_1
https://artiani.com.mx/producto/Base-rectangular-de-herreria-para-pecera-de-120-x-30cm/BASR-04,/producto/Base-rectangular-de-herreria-para-pecera-de-120-x-30cm/BASR-04,producto,sugerido,/producto/aclarador-de-ojos-para-tortugas-30-ml-pza-fl1108,baja,tokens_compartidos_1
https://artiani.com.mx/producto/Base-rectangular-de-herreria-para-pecera-de-50-x-26-cm/BASR-02,/producto/Base-rectangular-de-herreria-para-pecera-de-50-x-26-cm/BASR-02,producto,sugerido,/producto/aclarador-de-ojos-para-tortugas-30-ml-pza-fl1108,baja,tokens_compartidos_1
https://artiani.com.mx/producto/Bebedero-colores/DIS-B01,/producto/Bebedero-colores/DIS-B01,producto,sin_equivalente,,baja,requiere_revision_manual
https://artiani.com.mx/producto/Bebedero-para-colibri-con-nectar-/COLINEC-01,/producto/Bebedero-para-colibri-con-nectar-/COLINEC-01,producto,sugerido,/producto/aclarador-de-ojos-para-tortugas-30-ml-pza-fl1108,baja,tokens_compartidos_1
https://artiani.com.mx/producto/Bebedero-para-colibri-rojo-4-flores/COLI-01,/producto/Bebedero-para-colibri-rojo-4-flores/COLI-01,producto,sugerido,/producto/aclarador-de-ojos-para-tortugas-30-ml-pza-fl1108,baja,tokens_compartidos_1
https://artiani.com.mx/producto/Bebedero-para-hamster-60-ml/BDRO-01,/producto/Bebedero-para-hamster-60-ml/BDRO-01,producto,sugerido,/producto/aclarador-de-ojos-para-tortugas-30-ml-pza-fl1108,baja,tokens_compartidos_1
https://artiani.com.mx/producto/Bebedero_para_perro_elegant_/DIS-04,/producto/Bebedero_para_perro_elegant_/DIS-04,producto,sugerido,/producto/aclarador-de-ojos-para-tortugas-30-ml-pza-fl1108,baja,tokens_compartidos_1
https://artiani.com.mx/producto/Bebedero_perros_o_gatos_3.8_litros/DIS-B02,/producto/Bebedero_perros_o_gatos_3.8_litros/DIS-B02,producto,sin_equivalente,,baja,requiere_revision_manual
https://artiani.com.mx/producto/Bomba-de-aire-1-salida-/AIR-01,/producto/Bomba-de-aire-1-salida-/AIR-01,producto,sin_equivalente,,baja,requiere_revision_manual
https://artiani.com.mx/producto/Bomba-sumergible-1.2-m-/BS-120,/producto/Bomba-sumergible-1.2-m-/BS-120,producto,sin_equivalente,,baja,requiere_revision_manual
https://artiani.com.mx/producto/Bomba-sumergible-3.2-m-/BS-320,/producto/Bomba-sumergible-3.2-m-/BS-320,producto,sin_equivalente,,baja,requiere_revision_manual
https://artiani.com.mx/producto/Bomba-sumergible-3.5-/BS-350,/producto/Bomba-sumergible-3.5-/BS-350,producto,sin_equivalente,,baja,requiere_revision_manual
https://artiani.com.mx/producto/Bomba-sumergible-4-m-/BS-400,/producto/Bomba-sumergible-4-m-/BS-400,producto,sin_equivalente,,baja,requiere_revision_manual
https://artiani.com.mx/producto/Calentador-(termostato)-300-watts/CAL-S06,/producto/Calentador-(termostato)-300-watts/CAL-S06,producto,sin_equivalente,,baja,requiere_revision_manual
https://artiani.com.mx/producto/Calentador-(termostato)-eco-25w/CAL-01,/producto/Calentador-(termostato)-eco-25w/CAL-01,producto,sin_equivalente,,baja,requiere_revision_manual
https://artiani.com.mx/producto/Calentador-(termostato)-eco-50w/CAL-03,/producto/Calentador-(termostato)-eco-50w/CAL-03,producto,sin_equivalente,,baja,requiere_revision_manual
https://artiani.com.mx/producto/Calentador-fijo-mini-35w/TER-01,/producto/Calentador-fijo-mini-35w/TER-01,producto,sugerido,/producto/alimento-hojuela-basicas-mini-para-peces-pza-wa001,baja,tokens_compartidos_1
https://artiani.com.mx/producto/Cama_antiestres_chica_para_mascotas/CAMC-01,/producto/Cama_antiestres_chica_para_mascotas/CAMC-01,producto,sugerido,/producto/aclarador-de-ojos-para-tortugas-30-ml-pza-fl1108,baja,tokens_compartidos_1
https://artiani.com.mx/producto/Cama_antiestres_chica_para_mascotas/CAMC-02,/producto/Cama_antiestres_chica_para_mascotas/CAMC-02,producto,sugerido,/producto/aclarador-de-ojos-para-tortugas-30-ml-pza-fl1108,baja,tokens_compartidos_1
https://artiani.com.mx/producto/Cama_antiestres_chica_para_mascotas/empty-cart.html,/producto/Cama_antiestres_chica_para_mascotas/empty-cart.html,producto,sugerido,/producto/aclarador-de-ojos-para-tortugas-30-ml-pza-fl1108,baja,tokens_compartidos_1
https://artiani.com.mx/producto/Cama_antiestres_chica_para_mascotas/index-skin-base-ball.html,/producto/Cama_antiestres_chica_para_mascotas/index-skin-base-ball.html,producto,sugerido,/producto/aclarador-de-ojos-para-tortugas-30-ml-pza-fl1108,baja,tokens_compartidos_1
https://artiani.com.mx/producto/Cama_antiestres_chica_para_mascotas/index-skin-football.html,/producto/Cama_antiestres_chica_para_mascotas/index-skin-football.html,producto,sugerido,/producto/aclarador-de-ojos-para-tortugas-30-ml-pza-fl1108,baja,tokens_compartidos_1
https://artiani.com.mx/producto/Cama_antiestres_chica_para_mascotas/index-skin-snowboards.html,/producto/Cama_antiestres_chica_para_mascotas/index-skin-snowboards.html,producto,sugerido,/producto/aclarador-de-ojos-para-tortugas-30-ml-pza-fl1108,baja,tokens_compartidos_1
https://artiani.com.mx/producto/Cama_antiestres_chica_para_mascotas/index.html,/producto/Cama_antiestres_chica_para_mascotas/index.html,producto,sugerido,/producto/aclarador-de-ojos-para-tortugas-30-ml-pza-fl1108,baja,tokens_compartidos_1
https://artiani.com.mx/producto/Cama_antiestres_chica_para_mascotas/listing-left-column.html,/producto/Cama_antiestres_chica_para_mascotas/listing-left-column.html,producto,sugerido,/producto/aclarador-de-ojos-para-tortugas-30-ml-pza-fl1108,baja,tokens_compartidos_1
https://artiani.com.mx/producto/Cama_antiestres_chica_para_mascotas/product.html,/producto/Cama_antiestres_chica_para_mascotas/product.html,producto,sugerido,/producto/aclarador-de-ojos-para-tortugas-30-ml-pza-fl1108,baja,tokens_compartidos_1
https://artiani.com.mx/producto/Cama_antiestres_chica_para_mascotas_/CAMC-04,/producto/Cama_antiestres_chica_para_mascotas_/CAMC-04,producto,sugerido,/producto/aclarador-de-ojos-para-tortugas-30-ml-pza-fl1108,baja,tokens_compartidos_1
https://artiani.com.mx/producto/Cama_antiestres_chica_para_mascotas_/empty-cart.html,/producto/Cama_antiestres_chica_para_mascotas_/empty-cart.html,producto,sugerido,/producto/aclarador-de-ojos-para-tortugas-30-ml-pza-fl1108,baja,tokens_compartidos_1
https://artiani.com.mx/producto/Cama_antiestres_chica_para_mascotas_/index-skin-base-ball.html,/producto/Cama_antiestres_chica_para_mascotas_/index-skin-base-ball.html,producto,sugerido,/producto/aclarador-de-ojos-para-tortugas-30-ml-pza-fl1108,baja,tokens_compartidos_1
https://artiani.com.mx/producto/Cama_antiestres_chica_para_mascotas_/index-skin-football.html,/producto/Cama_antiestres_chica_para_mascotas_/index-skin-football.html,producto,sugerido,/producto/aclarador-de-ojos-para-tortugas-30-ml-pza-fl1108,baja,tokens_compartidos_1
https://artiani.com.mx/producto/Cama_antiestres_chica_para_mascotas_/index-skin-snowboards.html,/producto/Cama_antiestres_chica_para_mascotas_/index-skin-snowboards.html,producto,sugerido,/producto/aclarador-de-ojos-para-tortugas-30-ml-pza-fl1108,baja,tokens_compartidos_1
https://artiani.com.mx/producto/Cama_antiestres_chica_para_mascotas_/index.html,/producto/Cama_antiestres_chica_para_mascotas_/index.html,producto,sugerido,/producto/aclarador-de-ojos-para-tortugas-30-ml-pza-fl1108,baja,tokens_compartidos_1
https://artiani.com.mx/producto/Cama_antiestres_chica_para_mascotas_/listing-left-column.html,/producto/Cama_antiestres_chica_para_mascotas_/listing-left-column.html,producto,sugerido,/producto/aclarador-de-ojos-para-tortugas-30-ml-pza-fl1108,baja,tokens_compartidos_1
https://artiani.com.mx/producto/Cama_antiestres_chica_para_mascotas_/product.html,/producto/Cama_antiestres_chica_para_mascotas_/product.html,producto,sugerido,/producto/aclarador-de-ojos-para-tortugas-30-ml-pza-fl1108,baja,tokens_compartidos_1
https://artiani.com.mx/producto/Cama_antiestres_mediana_para_perros_y_gatos/CAMM-07,/producto/Cama_antiestres_mediana_para_perros_y_gatos/CAMM-07,producto,sugerido,/producto/aclarador-de-ojos-para-tortugas-30-ml-pza-fl1108,baja,tokens_compartidos_1
https://artiani.com.mx/producto/Cama_antiestres_mediana_para_perros_y_gatos/empty-cart.html,/producto/Cama_antiestres_mediana_para_perros_y_gatos/empty-cart.html,producto,sugerido,/producto/aclarador-de-ojos-para-tortugas-30-ml-pza-fl1108,baja,tokens_compartidos_1
https://artiani.com.mx/producto/Cama_antiestres_mediana_para_perros_y_gatos/index-skin-base-ball.html,/producto/Cama_antiestres_mediana_para_perros_y_gatos/index-skin-base-ball.html,producto,sugerido,/producto/aclarador-de-ojos-para-tortugas-30-ml-pza-fl1108,baja,tokens_compartidos_1
https://artiani.com.mx/producto/Cama_antiestres_mediana_para_perros_y_gatos/index-skin-football.html,/producto/Cama_antiestres_mediana_para_perros_y_gatos/index-skin-football.html,producto,sugerido,/producto/aclarador-de-ojos-para-tortugas-30-ml-pza-fl1108,baja,tokens_compartidos_1
https://artiani.com.mx/producto/Cama_antiestres_mediana_para_perros_y_gatos/index-skin-snowboards.html,/producto/Cama_antiestres_mediana_para_perros_y_gatos/index-skin-snowboards.html,producto,sugerido,/producto/aclarador-de-ojos-para-tortugas-30-ml-pza-fl1108,baja,tokens_compartidos_1
https://artiani.com.mx/producto/Cama_antiestres_mediana_para_perros_y_gatos/index.html,/producto/Cama_antiestres_mediana_para_perros_y_gatos/index.html,producto,sugerido,/producto/aclarador-de-ojos-para-tortugas-30-ml-pza-fl1108,baja,tokens_compartidos_1
https://artiani.com.mx/producto/Cama_antiestres_mediana_para_perros_y_gatos/listing-left-column.html,/producto/Cama_antiestres_mediana_para_perros_y_gatos/listing-left-column.html,producto,sugerido,/producto/aclarador-de-ojos-para-tortugas-30-ml-pza-fl1108,baja,tokens_compartidos_1
https://artiani.com.mx/producto/Cama_antiestres_mediana_para_perros_y_gatos/product.html,/producto/Cama_antiestres_mediana_para_perros_y_gatos/product.html,producto,sugerido,/producto/aclarador-de-ojos-para-tortugas-30-ml-pza-fl1108,baja,tokens_compartidos_1
https://artiani.com.mx/producto/Canutillos_anillos_de_ceramica_/CANC-01,/producto/Canutillos_anillos_de_ceramica_/CANC-01,producto,sin_equivalente,,baja,requiere_revision_manual
https://artiani.com.mx/producto/Carda-de-goma-almo/CAR-03,/producto/Carda-de-goma-almo/CAR-03,producto,sugerido,/producto/7490-sevenpet-carda-c-cepillo-24-144-pza-7490,baja,tokens_compartidos_1
https://artiani.com.mx/producto/Carda-de-goma-cepi/CAR-04,/producto/Carda-de-goma-cepi/CAR-04,producto,sugerido,/producto/7490-sevenpet-carda-c-cepillo-24-144-pza-7490,baja,tokens_compartidos_1
https://artiani.com.mx/producto/Carda-de-goma-para-mascotas-/CAR-02,/producto/Carda-de-goma-para-mascotas-/CAR-02,producto,sugerido,/producto/7490-sevenpet-carda-c-cepillo-24-144-pza-7490,baja,tokens_compartidos_1
https://artiani.com.mx/producto/Carda-puntas-cubiertas-mediana-/CAR-06,/producto/Carda-puntas-cubiertas-mediana-/CAR-06,producto,sugerido,/producto/7490-sevenpet-carda-c-cepillo-24-144-pza-7490,baja,tokens_compartidos_1
https://artiani.com.mx/producto/Carda-puntas-cubiertas-mini/CAR-07,/producto/Carda-puntas-cubiertas-mini/CAR-07,producto,sugerido,/producto/7490-sevenpet-carda-c-cepillo-24-144-pza-7490,baja,tokens_compartidos_1
https://artiani.com.mx/producto/Carda-roja-chica-para-mascotas-/CAR-01,/producto/Carda-roja-chica-para-mascotas-/CAR-01,producto,sugerido,/producto/7490-sevenpet-carda-c-cepillo-24-144-pza-7490,baja,tokens_compartidos_1
https://artiani.com.mx/producto/Casa-foggy-mediana-para-perros-/CASI-03,/producto/Casa-foggy-mediana-para-perros-/CASI-03,producto,sugerido,/producto/aclarador-de-ojos-para-tortugas-30-ml-pza-fl1108,baja,tokens_compartidos_1
https://artiani.com.mx/producto/Casa-inova-chica-roja-/CASI-02,/producto/Casa-inova-chica-roja-/CASI-02,producto,sin_equivalente,,baja,requiere_revision_manual
https://artiani.com.mx/producto/Casa-inova-extra-chica-azul-/CAS-04,/producto/Casa-inova-extra-chica-azul-/CAS-04,producto,sin_equivalente,,baja,requiere_revision_manual
https://artiani.com.mx/producto/Casa-o-arenero-residencial-/CAS-02,/producto/Casa-o-arenero-residencial-/CAS-02,producto,sin_equivalente,,baja,requiere_revision_manual
https://artiani.com.mx/producto/Catnip-menta-para-gatos/CAT-02,/producto/Catnip-menta-para-gatos/CAT-02,producto,sugerido,/producto/aclarador-de-ojos-para-tortugas-30-ml-pza-fl1108,baja,tokens_compartidos_1
https://artiani.com.mx/producto/Cepillo-de-limpieza-/CEP-01,/producto/Cepillo-de-limpieza-/CEP-01,producto,sugerido,/producto/7490-sevenpet-carda-c-cepillo-24-144-pza-7490,baja,tokens_compartidos_1
https://artiani.com.mx/producto/Comedero-para-perro-elegant-/DIS-04,/producto/Comedero-para-perro-elegant-/DIS-04,producto,sugerido,/producto/aclarador-de-ojos-para-tortugas-30-ml-pza-fl1108,baja,tokens_compartidos_1
https://artiani.com.mx/producto/Comedero-para-reptil-chico/TA-02,/producto/Comedero-para-reptil-chico/TA-02,producto,sugerido,/producto/aclarador-de-ojos-para-tortugas-30-ml-pza-fl1108,baja,tokens_compartidos_1
https://artiani.com.mx/producto/Comedero-para-reptil-mediano/TA-01,/producto/Comedero-para-reptil-mediano/TA-01,producto,sugerido,/producto/aclarador-de-ojos-para-tortugas-30-ml-pza-fl1108,baja,tokens_compartidos_1
https://artiani.com.mx/producto/Conejina-alimento-agranel-/CONEJINA-40KG,/producto/Conejina-alimento-agranel-/CONEJINA-40KG,producto,sugerido,/producto/alimento-banana-crunch-para-conejo-pza-1911202504,baja,tokens_compartidos_1
https://artiani.com.mx/producto/Cristalize-aclarador-de-agua-para-acuarios/CRYS-30,/producto/Cristalize-aclarador-de-agua-para-acuarios/CRYS-30,producto,sugerido,/producto/aclarador-de-ojos-para-tortugas-30-ml-pza-fl1108,baja,tokens_compartidos_2
https://artiani.com.mx/producto/Croqueta-para-gato-kitten-nupec-1.5kg/KINU-02,/producto/Croqueta-para-gato-kitten-nupec-1.5kg/KINU-02,producto,sugerido,/producto/alimento-croqueta-para-gato-kitten-nupec-1-5-kg-pza-nuec-fenokien1500g,media,tokens_compartidos_5
https://artiani.com.mx/producto/Dental-kit-para-perros/DEN-01,/producto/Dental-kit-para-perros/DEN-01,producto,sugerido,/producto/aclarador-de-ojos-para-tortugas-30-ml-pza-fl1108,baja,tokens_compartidos_1
https://artiani.com.mx/producto/Esquinero-bano-rectagular--blanco/CON-01,/producto/Esquinero-bano-rectagular--blanco/CON-01,producto,sugerido,/producto/acuario-de-coliseo-70-lts-con-mueble-pza-4063,baja,tokens_compartidos_1
https://artiani.com.mx/producto/Esquinero-bano-rectangular-/CON-01A,/producto/Esquinero-bano-rectangular-/CON-01A,producto,sugerido,/producto/acuario-de-coliseo-70-lts-con-mueble-pza-4063,baja,tokens_compartidos_1
https://artiani.com.mx/producto/Extracto-de-catnip-en-spray-para-gatos-/CAT-03,/producto/Extracto-de-catnip-en-spray-para-gatos-/CAT-03,producto,sugerido,/producto/aclarador-de-ojos-para-tortugas-30-ml-pza-fl1108,baja,tokens_compartidos_1
https://artiani.com.mx/producto/Filtro-Cascada-100/FILCC-04,/producto/Filtro-Cascada-100/FILCC-04,producto,sugerido,/producto/acuario-imperio-100-lts-pza-4064,baja,tokens_compartidos_1
https://artiani.com.mx/producto/Filtro-Cascada-300/FILCC-05,/producto/Filtro-Cascada-300/FILCC-05,producto,sugerido,/producto/acuario-nano-cascada-negro-15-l-pza-fl7961,baja,tokens_compartidos_1
https://artiani.com.mx/producto/Foco-UVB-13w-desierto/FLOR-11,/producto/Foco-UVB-13w-desierto/FLOR-11,producto,sin_equivalente,,baja,requiere_revision_manual
https://artiani.com.mx/producto/Foco-de-dia-para-reptil-150w-/FLOR-05,/producto/Foco-de-dia-para-reptil-150w-/FLOR-05,producto,sugerido,/producto/aclarador-de-ojos-para-tortugas-30-ml-pza-fl1108,baja,tokens_compartidos_1
https://artiani.com.mx/producto/Foco-de-dia-para-reptil-60w/FOR-01,/producto/Foco-de-dia-para-reptil-60w/FOR-01,producto,sugerido,/producto/aclarador-de-ojos-para-tortugas-30-ml-pza-fl1108,baja,tokens_compartidos_1
https://artiani.com.mx/producto/Foco-de-noche-para-reptil-75w-/FLOR-06,/producto/Foco-de-noche-para-reptil-75w-/FLOR-06,producto,sugerido,/producto/aclarador-de-ojos-para-tortugas-30-ml-pza-fl1108,baja,tokens_compartidos_1
https://artiani.com.mx/producto/Grava-negra-por-costal-/GRA-05,/producto/Grava-negra-por-costal-/GRA-05,producto,sin_equivalente,,baja,requiere_revision_manual
https://artiani.com.mx/producto/Grava-roja-para-acuario-por-costal/GRA-02,/producto/Grava-roja-para-acuario-por-costal/GRA-02,producto,sugerido,/producto/aclarador-de-ojos-para-tortugas-30-ml-pza-fl1108,baja,tokens_compartidos_1
https://artiani.com.mx/producto/Grillo-por-millar-a-granel-/GRI-01,/producto/Grillo-por-millar-a-granel-/GRI-01,producto,sin_equivalente,,baja,requiere_revision_manual
https://artiani.com.mx/producto/Isla-para-tortuguero-circular/ISLA-01,/producto/Isla-para-tortuguero-circular/ISLA-01,producto,sugerido,/producto/aclarador-de-ojos-para-tortugas-30-ml-pza-fl1108,baja,tokens_compartidos_1
https://artiani.com.mx/producto/Isla-para-tortuguero-rampa/ISLA-02,/producto/Isla-para-tortuguero-rampa/ISLA-02,producto,sugerido,/producto/aclarador-de-ojos-para-tortugas-30-ml-pza-fl1108,baja,tokens_compartidos_1
https://artiani.com.mx/producto/Jaula-baral-amarilla--para-pajaro/JARO-02AM,/producto/Jaula-baral-amarilla--para-pajaro/JARO-02AM,producto,sugerido,/producto/aclarador-de-ojos-para-tortugas-30-ml-pza-fl1108,baja,tokens_compartidos_1
https://artiani.com.mx/producto/Jaula-baral-verde-para-pajaro/JARO-02VE,/producto/Jaula-baral-verde-para-pajaro/JARO-02VE,producto,sugerido,/producto/aclarador-de-ojos-para-tortugas-30-ml-pza-fl1108,baja,tokens_compartidos_1
https://artiani.com.mx/producto/Jaula-de-hamster-lux-verde-/JHA-05VE,/producto/Jaula-de-hamster-lux-verde-/JHA-05VE,producto,sin_equivalente,,baja,requiere_revision_manual
https://artiani.com.mx/producto/Jaula-hamster-con-tubos-57-x-31-x-29-cm-/JHA-15,/producto/Jaula-hamster-con-tubos-57-x-31-x-29-cm-/JHA-15,producto,sugerido,/producto/acuario-de-coliseo-70-lts-con-mueble-pza-4063,baja,tokens_compartidos_1
https://artiani.com.mx/producto/Jaula-hamster-residencial-amarilla/JHA-26,/producto/Jaula-hamster-residencial-amarilla/JHA-26,producto,sin_equivalente,,baja,requiere_revision_manual
https://artiani.com.mx/producto/Jaula-hamster-residencial-azul/JHA-25,/producto/Jaula-hamster-residencial-azul/JHA-25,producto,sin_equivalente,,baja,requiere_revision_manual
https://artiani.com.mx/producto/Jaula-metalica-plegable-con-division--121-x-75-x-86-cm-/JAM-03,/producto/Jaula-metalica-plegable-con-division--121-x-75-x-86-cm-/JAM-03,producto,sugerido,/producto/acuario-de-coliseo-70-lts-con-mueble-pza-4063,baja,tokens_compartidos_1
https://artiani.com.mx/producto/Jaula-metalica-plegable-con-division-63-x-44-x-50-cm/JAM-01,/producto/Jaula-metalica-plegable-con-division-63-x-44-x-50-cm/JAM-01,producto,sugerido,/producto/acuario-de-coliseo-70-lts-con-mueble-pza-4063,baja,tokens_compartidos_1
https://artiani.com.mx/producto/Jaula-metalica-plegable-con-division-92-x-56.5-x-66-cm/JAM-02,/producto/Jaula-metalica-plegable-con-division-92-x-56.5-x-66-cm/JAM-02,producto,sugerido,/producto/acuario-de-coliseo-70-lts-con-mueble-pza-4063,baja,tokens_compartidos_1
https://artiani.com.mx/producto/Jaula-mini-casa-azul-para-pajaro/JARO-06AZ,/producto/Jaula-mini-casa-azul-para-pajaro/JARO-06AZ,producto,sugerido,/producto/alimento-hojuela-basicas-mini-para-peces-pza-wa001,baja,tokens_compartidos_2
https://artiani.com.mx/producto/Jaula-mini-casa-verde-para-pajaro/JARO-06VE,/producto/Jaula-mini-casa-verde-para-pajaro/JARO-06VE,producto,sugerido,/producto/alimento-hojuela-basicas-mini-para-peces-pza-wa001,baja,tokens_compartidos_2
https://artiani.com.mx/producto/Jaula-para-mamifero-3-niveles/JCO-07,/producto/Jaula-para-mamifero-3-niveles/JCO-07,producto,sugerido,/producto/aclarador-de-ojos-para-tortugas-30-ml-pza-fl1108,baja,tokens_compartidos_1
https://artiani.com.mx/producto/Jaula-para-mamifero-decan-rosa-/JCO-04R,/producto/Jaula-para-mamifero-decan-rosa-/JCO-04R,producto,sugerido,/producto/aclarador-de-ojos-para-tortugas-30-ml-pza-fl1108,baja,tokens_compartidos_1
https://artiani.com.mx/producto/Jaula-para-mamifero-decan-verde-/JCO-04V,/producto/Jaula-para-mamifero-decan-verde-/JCO-04V,producto,sugerido,/producto/aclarador-de-ojos-para-tortugas-30-ml-pza-fl1108,baja,tokens_compartidos_1
https://artiani.com.mx/producto/Jaula-para-mamifero-decan/JCO-04,/producto/Jaula-para-mamifero-decan/JCO-04,producto,sugerido,/producto/aclarador-de-ojos-para-tortugas-30-ml-pza-fl1108,baja,tokens_compartidos_1
https://artiani.com.mx/producto/Jaula-para-mamifero-despar/JCO-01,/producto/Jaula-para-mamifero-despar/JCO-01,producto,sugerido,/producto/aclarador-de-ojos-para-tortugas-30-ml-pza-fl1108,baja,tokens_compartidos_1
https://artiani.com.mx/producto/Jaula-plegable-con-charola-/JAM-05,/producto/Jaula-plegable-con-charola-/JAM-05,producto,sugerido,/producto/acuario-de-coliseo-70-lts-con-mueble-pza-4063,baja,tokens_compartidos_1
https://artiani.com.mx/producto/Juguete-cana-de-pescar-verde/JUGG-04,/producto/Juguete-cana-de-pescar-verde/JUGG-04,producto,sin_equivalente,,baja,requiere_revision_manual
https://artiani.com.mx/producto/Juguete-para-aves-calcio-mediano/JUP-03,/producto/Juguete-para-aves-calcio-mediano/JUP-03,producto,sugerido,/producto/alimentador-de-semillas-para-aves-600-gr-pza-fl9237,baja,tokens_compartidos_2
https://artiani.com.mx/producto/Juguete-para-aves-calcio-sencillo-/JUP-01,/producto/Juguete-para-aves-calcio-sencillo-/JUP-01,producto,sugerido,/producto/alimentador-de-semillas-para-aves-600-gr-pza-fl9237,baja,tokens_compartidos_2
https://artiani.com.mx/producto/Juguete-pelota-con-sonido-sonaja-para-gato-/JUGG-03,/producto/Juguete-pelota-con-sonido-sonaja-para-gato-/JUGG-03,producto,sugerido,/producto/alimento-croqueta-para-gato-adulto-indoor-nupec-1-5-kg-pza-nuec-fenoaduor1500g,baja,tokens_compartidos_2
https://artiani.com.mx/producto/Juguete-pelota-de-goma-para-gato-/JUGG-01,/producto/Juguete-pelota-de-goma-para-gato-/JUGG-01,producto,sugerido,/producto/alimento-croqueta-para-gato-adulto-indoor-nupec-1-5-kg-pza-nuec-fenoaduor1500g,baja,tokens_compartidos_2
https://artiani.com.mx/producto/Juguete-pelota-de-tenis-chica-/JUG-07,/producto/Juguete-pelota-de-tenis-chica-/JUG-07,producto,sin_equivalente,,baja,requiere_revision_manual
https://artiani.com.mx/producto/Juguete-scruch-papas-para-perro/JUG-19,/producto/Juguete-scruch-papas-para-perro/JUG-19,producto,sugerido,/producto/aclarador-de-ojos-para-tortugas-30-ml-pza-fl1108,baja,tokens_compartidos_1
https://artiani.com.mx/producto/Juguete-scrunch-fuego-para-perro/JUG-16,/producto/Juguete-scrunch-fuego-para-perro/JUG-16,producto,sugerido,/producto/aclarador-de-ojos-para-tortugas-30-ml-pza-fl1108,baja,tokens_compartidos_1
https://artiani.com.mx/producto/Juguete-scrunch-queso-para-perro/JUG-10,/producto/Juguete-scrunch-queso-para-perro/JUG-10,producto,sugerido,/producto/aclarador-de-ojos-para-tortugas-30-ml-pza-fl1108,baja,tokens_compartidos_1
https://artiani.com.mx/producto/Juguete_para_aves_calcio_triple_/JUP-02,/producto/Juguete_para_aves_calcio_triple_/JUP-02,producto,sugerido,/producto/alimentador-de-semillas-para-aves-600-gr-pza-fl9237,baja,tokens_compartidos_2
https://artiani.com.mx/producto/Lampara-nano-led-con-clip/LANO-01,/producto/Lampara-nano-led-con-clip/LANO-01,producto,sugerido,/producto/acuario-de-coliseo-70-lts-con-mueble-pza-4063,baja,tokens_compartidos_1
https://artiani.com.mx/producto/Lampara-panoramica-50-x-35-cm-/LAMP-TP02,/producto/Lampara-panoramica-50-x-35-cm-/LAMP-TP02,producto,sin_equivalente,,baja,requiere_revision_manual
https://artiani.com.mx/producto/Lampara-rectangular-con-tapa-50-x-26-cm/LAM-TR01,/producto/Lampara-rectangular-con-tapa-50-x-26-cm/LAM-TR01,producto,sugerido,/producto/acuario-de-coliseo-70-lts-con-mueble-pza-4063,baja,tokens_compartidos_1
https://artiani.com.mx/producto/Lampara-rectangular-de-tapa-50-x-26-cm-/LAM-TR02,/producto/Lampara-rectangular-de-tapa-50-x-26-cm-/LAM-TR02,producto,sin_equivalente,,baja,requiere_revision_manual
https://artiani.com.mx/producto/Larva-de-mosca-soldado/ALIL-01,/producto/Larva-de-mosca-soldado/ALIL-01,producto,sin_equivalente,,baja,requiere_revision_manual
https://artiani.com.mx/producto/Leche-para-cachorrros-/LECH-01,/producto/Leche-para-cachorrros-/LECH-01,producto,sugerido,/producto/aclarador-de-ojos-para-tortugas-30-ml-pza-fl1108,baja,tokens_compartidos_1
https://artiani.com.mx/producto/Mascotera-transportadora-extragrande-/MAS-05,/producto/Mascotera-transportadora-extragrande-/MAS-05,producto,sin_equivalente,,baja,requiere_revision_manual
https://artiani.com.mx/producto/Mascotera-transportadora-grande/MAS-04,/producto/Mascotera-transportadora-grande/MAS-04,producto,sugerido,/producto/alimento-hojuela-tropical-grande-para-peces-pza-tp-3504,baja,tokens_compartidos_1
https://artiani.com.mx/producto/Mochila-liberty-para-mascotas/MOC-02,/producto/Mochila-liberty-para-mascotas/MOC-02,producto,sugerido,/producto/aclarador-de-ojos-para-tortugas-30-ml-pza-fl1108,baja,tokens_compartidos_1
https://artiani.com.mx/producto/Mochila-transportadora-transparente-azul-rey/MOC-01AZ,/producto/Mochila-transportadora-transparente-azul-rey/MOC-01AZ,producto,sin_equivalente,,baja,requiere_revision_manual
https://artiani.com.mx/producto/Mochila-transportadora-transparente-gris/MOC-01GR,/producto/Mochila-transportadora-transparente-gris/MOC-01GR,producto,sin_equivalente,,baja,requiere_revision_manual
https://artiani.com.mx/producto/Mochila-transportadora-transparente-negra/MOC-01NE,/producto/Mochila-transportadora-transparente-negra/MOC-01NE,producto,sin_equivalente,,baja,requiere_revision_manual
https://artiani.com.mx/producto/Nectar-para-colibri-chico/NEC-01,/producto/Nectar-para-colibri-chico/NEC-01,producto,sugerido,/producto/aclarador-de-ojos-para-tortugas-30-ml-pza-fl1108,baja,tokens_compartidos_1
https://artiani.com.mx/producto/Nectar-para-colibri-polvo-/NEC-02,/producto/Nectar-para-colibri-polvo-/NEC-02,producto,sugerido,/producto/aclarador-de-ojos-para-tortugas-30-ml-pza-fl1108,baja,tokens_compartidos_1
https://artiani.com.mx/producto/Neutralizador-de-olores-para-areneros-/NEU-01,/producto/Neutralizador-de-olores-para-areneros-/NEU-01,producto,sugerido,/producto/aclarador-de-ojos-para-tortugas-30-ml-pza-fl1108,baja,tokens_compartidos_1
https://artiani.com.mx/producto/Nupec-Croqueta-Costal-Adulto-Nutricion-Canina-Cientifica-2-kg/NUDE-01,/producto/Nupec-Croqueta-Costal-Adulto-Nutricion-Canina-Cientifica-2-kg/NUDE-01,producto,sugerido,/producto/alimento-croqueta-para-gato-adulto-indoor-nupec-1-5-kg-pza-nuec-fenoaduor1500g,media,tokens_compartidos_3
https://artiani.com.mx/producto/Nupec-Croqueta-Costal-Adulto-Nutricion-Canina-Cientifica-20-kg/NUDE-03,/producto/Nupec-Croqueta-Costal-Adulto-Nutricion-Canina-Cientifica-20-kg/NUDE-03,producto,sugerido,/producto/alimento-croqueta-para-gato-adulto-indoor-nupec-1-5-kg-pza-nuec-fenoaduor1500g,media,tokens_compartidos_3
https://artiani.com.mx/producto/Nupec-Croqueta-Costal-Adulto-Nutricion-Canina-Cientifica-8-kg/NUDE-02,/producto/Nupec-Croqueta-Costal-Adulto-Nutricion-Canina-Cientifica-8-kg/NUDE-02,producto,sugerido,/producto/alimento-croqueta-para-gato-adulto-indoor-nupec-1-5-kg-pza-nuec-fenoaduor1500g,media,tokens_compartidos_3
https://artiani.com.mx/producto/Palo-de-plastico-para-jualas-de-aves-mediano-/PAL-02,/producto/Palo-de-plastico-para-jualas-de-aves-mediano-/PAL-02,producto,sugerido,/producto/alimentador-de-semillas-para-aves-600-gr-pza-fl9237,baja,tokens_compartidos_2
https://artiani.com.mx/producto/Pasto-para-gatos-en-cajita-/PAS-01,/producto/Pasto-para-gatos-en-cajita-/PAS-01,producto,sugerido,/producto/aclarador-de-ojos-para-tortugas-30-ml-pza-fl1108,baja,tokens_compartidos_1
https://artiani.com.mx/producto/Pecera-imen-con-mueble-con-marcos-aleman-/PERM-01,/producto/Pecera-imen-con-mueble-con-marcos-aleman-/PERM-01,producto,sugerido,/producto/acuario-de-coliseo-70-lts-con-mueble-pza-4063,baja,tokens_compartidos_2
https://artiani.com.mx/producto/Pecera-panoramica-250-litros-/PEP-05,/producto/Pecera-panoramica-250-litros-/PEP-05,producto,sin_equivalente,,baja,requiere_revision_manual
https://artiani.com.mx/producto/Pecera-panoramica-52-x-37-x-60-cm-altura-100-litros-6-mm/PERA-P5060,/producto/Pecera-panoramica-52-x-37-x-60-cm-altura-100-litros-6-mm/PERA-P5060,producto,sugerido,/producto/acuario-imperio-100-lts-pza-4064,baja,tokens_compartidos_1
https://artiani.com.mx/producto/Pecera-rectangular-102.5-x-26-x-50-cm-altura-130-litros-6-mm/PERA-10050,/producto/Pecera-rectangular-102.5-x-26-x-50-cm-altura-130-litros-6-mm/PERA-10050,producto,sin_equivalente,,baja,requiere_revision_manual
https://artiani.com.mx/producto/Pecera-rectangular-2lts-equipo-basico/PERE-01,/producto/Pecera-rectangular-2lts-equipo-basico/PERE-01,producto,sin_equivalente,,baja,requiere_revision_manual
https://artiani.com.mx/producto/Pecera-rectangular-equipada-4-litros/PERE-02,/producto/Pecera-rectangular-equipada-4-litros/PERE-02,producto,sin_equivalente,,baja,requiere_revision_manual
https://artiani.com.mx/producto/Pecera-rectangular-equipo-basico-130lts/PERE-08,/producto/Pecera-rectangular-equipo-basico-130lts/PERE-08,producto,sin_equivalente,,baja,requiere_revision_manual
https://artiani.com.mx/producto/Pecera-rectangular-triple-9-litros-equipo-basico/PERE-06,/producto/Pecera-rectangular-triple-9-litros-equipo-basico/PERE-06,producto,sin_equivalente,,baja,requiere_revision_manual
https://artiani.com.mx/producto/Poster-piedramar-60cm-por-rollo-/POS-01,/producto/Poster-piedramar-60cm-por-rollo-/POS-01,producto,sin_equivalente,,baja,requiere_revision_manual
https://artiani.com.mx/producto/Rascadero-colgante-chango/RAS-02CH,/producto/Rascadero-colgante-chango/RAS-02CH,producto,sin_equivalente,,baja,requiere_revision_manual
https://artiani.com.mx/producto/Rascadero-colgante-jirafa/RAS-02,/producto/Rascadero-colgante-jirafa/RAS-02,producto,sin_equivalente,,baja,requiere_revision_manual
https://artiani.com.mx/producto/Rascadero-mich-sencillo-rosa/RAS-07M,/producto/Rascadero-mich-sencillo-rosa/RAS-07M,producto,sin_equivalente,,baja,requiere_revision_manual
https://artiani.com.mx/producto/Rascadero-poste-para-gato/RAS-01,/producto/Rascadero-poste-para-gato/RAS-01,producto,sugerido,/producto/alimento-croqueta-para-gato-adulto-indoor-nupec-1-5-kg-pza-nuec-fenoaduor1500g,baja,tokens_compartidos_2
https://artiani.com.mx/producto/Rascadero-poste-para-gato/index-skin-base-ball.html,/producto/Rascadero-poste-para-gato/index-skin-base-ball.html,producto,sugerido,/producto/alimento-croqueta-para-gato-adulto-indoor-nupec-1-5-kg-pza-nuec-fenoaduor1500g,baja,tokens_compartidos_2
https://artiani.com.mx/producto/Rascadero-poste-para-gato/index-skin-football.html,/producto/Rascadero-poste-para-gato/index-skin-football.html,producto,sugerido,/producto/alimento-croqueta-para-gato-adulto-indoor-nupec-1-5-kg-pza-nuec-fenoaduor1500g,baja,tokens_compartidos_2
https://artiani.com.mx/producto/Rascadero-poste-para-gato/index-skin-snowboards.html,/producto/Rascadero-poste-para-gato/index-skin-snowboards.html,producto,sugerido,/producto/alimento-croqueta-para-gato-adulto-indoor-nupec-1-5-kg-pza-nuec-fenoaduor1500g,baja,tokens_compartidos_2
https://artiani.com.mx/producto/Rasqueta-limpiadora-para-peceras/RASQ-01,/producto/Rasqueta-limpiadora-para-peceras/RASQ-01,producto,sugerido,/producto/aclarador-de-ojos-para-tortugas-30-ml-pza-fl1108,baja,tokens_compartidos_1
https://artiani.com.mx/producto/Repelente-dry-entrenador-para-perro-/REPE-03,/producto/Repelente-dry-entrenador-para-perro-/REPE-03,producto,sugerido,/producto/aclarador-de-ojos-para-tortugas-30-ml-pza-fl1108,baja,tokens_compartidos_1
https://artiani.com.mx/producto/Repelente-entrenador-para-perro/REPE-01,/producto/Repelente-entrenador-para-perro/REPE-01,producto,sugerido,/producto/aclarador-de-ojos-para-tortugas-30-ml-pza-fl1108,baja,tokens_compartidos_1
https://artiani.com.mx/producto/Repelente-entrenador-stay--para-perros-/REPE-02,/producto/Repelente-entrenador-stay--para-perros-/REPE-02,producto,sugerido,/producto/aclarador-de-ojos-para-tortugas-30-ml-pza-fl1108,baja,tokens_compartidos_1
https://artiani.com.mx/producto/Rodaja-snack-para-roedores-/TAR-02,/producto/Rodaja-snack-para-roedores-/TAR-02,producto,sugerido,/producto/aclarador-de-ojos-para-tortugas-30-ml-pza-fl1108,baja,tokens_compartidos_1
https://artiani.com.mx/producto/Rueda-para-hamster-con-base-amarilla/RUE-02A,/producto/Rueda-para-hamster-con-base-amarilla/RUE-02A,producto,sugerido,/producto/aclarador-de-ojos-para-tortugas-30-ml-pza-fl1108,baja,tokens_compartidos_1
https://artiani.com.mx/producto/Shampoo-para-erizo-champuas-/SHAE-01,/producto/Shampoo-para-erizo-champuas-/SHAE-01,producto,sugerido,/producto/aclarador-de-ojos-para-tortugas-30-ml-pza-fl1108,baja,tokens_compartidos_1
https://artiani.com.mx/producto/Snack-mini-bites-mezcla-de-hierbas-finas-/BITE-01,/producto/Snack-mini-bites-mezcla-de-hierbas-finas-/BITE-01,producto,sugerido,/producto/alimento-granulado-rainbow-color-bites-50-gr-pza-q162,baja,tokens_compartidos_1
https://artiani.com.mx/producto/Snack-mix-tropical-para-rodeores/MEZ-03,/producto/Snack-mix-tropical-para-rodeores/MEZ-03,producto,sugerido,/producto/alimento-hojuela-tropical-grande-para-peces-pza-tp-3504,baja,tokens_compartidos_2
https://artiani.com.mx/producto/Suplemento-calcio-+-vitaminas-D3/CAL-02,/producto/Suplemento-calcio-+-vitaminas-D3/CAL-02,producto,sin_equivalente,,baja,requiere_revision_manual
https://artiani.com.mx/producto/Sustrato-organico-para-reptil-fibra-de-coco-2.1-Gal/SUT-04,/producto/Sustrato-organico-para-reptil-fibra-de-coco-2.1-Gal/SUT-04,producto,sugerido,/producto/aclarador-de-ojos-para-tortugas-30-ml-pza-fl1108,baja,tokens_compartidos_1
https://artiani.com.mx/producto/Sustrato-organico-para-reptil-polvillo-de-coco/SUT-05,/producto/Sustrato-organico-para-reptil-polvillo-de-coco/SUT-05,producto,sugerido,/producto/aclarador-de-ojos-para-tortugas-30-ml-pza-fl1108,baja,tokens_compartidos_1
https://artiani.com.mx/producto/Tapa-para-pecera-50-cm-de-malla/TAPI-01,/producto/Tapa-para-pecera-50-cm-de-malla/TAPI-01,producto,sugerido,/producto/aclarador-de-ojos-para-tortugas-30-ml-pza-fl1108,baja,tokens_compartidos_1
https://artiani.com.mx/producto/Tapa-para-pecera-de-40-cm-de-malla/TAPI-02,/producto/Tapa-para-pecera-de-40-cm-de-malla/TAPI-02,producto,sugerido,/producto/aclarador-de-ojos-para-tortugas-30-ml-pza-fl1108,baja,tokens_compartidos_1
https://artiani.com.mx/producto/Tapa-para-pecera-de-plastico-con-puerta-40-cm/TAP-02,/producto/Tapa-para-pecera-de-plastico-con-puerta-40-cm/TAP-02,producto,sugerido,/producto/aclarador-de-ojos-para-tortugas-30-ml-pza-fl1108,baja,tokens_compartidos_1
https://artiani.com.mx/producto/Tapa-para-pecera-de-platico-con-puerta-50cm/TAP-01,/producto/Tapa-para-pecera-de-platico-con-puerta-50cm/TAP-01,producto,sugerido,/producto/aclarador-de-ojos-para-tortugas-30-ml-pza-fl1108,baja,tokens_compartidos_1
https://artiani.com.mx/producto/Tapete-entrenador-chico-para-perro-/TAPS-01,/producto/Tapete-entrenador-chico-para-perro-/TAPS-01,producto,sugerido,/producto/aclarador-de-ojos-para-tortugas-30-ml-pza-fl1108,baja,tokens_compartidos_1
https://artiani.com.mx/producto/Tarta-preminum-snack-para-roedores-/TAR-01,/producto/Tarta-preminum-snack-para-roedores-/TAR-01,producto,sugerido,/producto/aclarador-de-ojos-para-tortugas-30-ml-pza-fl1108,baja,tokens_compartidos_1
https://artiani.com.mx/producto/Tazon-con-abrazadera-20-Oz-para-jaula/PACO-03,/producto/Tazon-con-abrazadera-20-Oz-para-jaula/PACO-03,producto,sugerido,/producto/aclarador-de-ojos-para-tortugas-30-ml-pza-fl1108,baja,tokens_compartidos_1
https://artiani.com.mx/producto/Tazon-con-abrazadera-30-Oz-para-jaula/PACO-04,/producto/Tazon-con-abrazadera-30-Oz-para-jaula/PACO-04,producto,sugerido,/producto/aclarador-de-ojos-para-tortugas-30-ml-pza-fl1108,baja,tokens_compartidos_1
https://artiani.com.mx/producto/Tazon-con-abrazadera-para-jaula-10-Oz/PACO-02,/producto/Tazon-con-abrazadera-para-jaula-10-Oz/PACO-02,producto,sugerido,/producto/aclarador-de-ojos-para-tortugas-30-ml-pza-fl1108,baja,tokens_compartidos_1
https://artiani.com.mx/producto/Tazon_circulo_comedero_lento/TAZ-03,/producto/Tazon_circulo_comedero_lento/TAZ-03,producto,sin_equivalente,,baja,requiere_revision_manual
https://artiani.com.mx/producto/Tazon_doble_para_perros_y_gatos_/TAZ-1,/producto/Tazon_doble_para_perros_y_gatos_/TAZ-1,producto,sugerido,/producto/10026-sevenpet-peine-doble-24-144-pza-10026,baja,tokens_compartidos_1
https://artiani.com.mx/producto/Tazon_duo_hueso_/TAZ-02,/producto/Tazon_duo_hueso_/TAZ-02,producto,sin_equivalente,,baja,requiere_revision_manual
https://artiani.com.mx/producto/Tazon_duo_pez/TAZ-04,/producto/Tazon_duo_pez/TAZ-04,producto,sin_equivalente,,baja,requiere_revision_manual
https://artiani.com.mx/producto/Tenebrio-por-millar-agranel-/TEN-01,/producto/Tenebrio-por-millar-agranel-/TEN-01,producto,sin_equivalente,,baja,requiere_revision_manual
https://artiani.com.mx/producto/Termometro_digital_aderible_(calacamonia)_/TER-01,/producto/Termometro_digital_aderible_(calacamonia)_/TER-01,producto,sin_equivalente,,baja,requiere_revision_manual
https://artiani.com.mx/producto/Toallas-sanitarias-chicas-20-pza/TOLL-01,/producto/Toallas-sanitarias-chicas-20-pza/TOLL-01,producto,sugerido,/producto/10026-sevenpet-peine-doble-24-144-pza-10026,baja,tokens_compartidos_1
https://artiani.com.mx/producto/Toallas-sanitarias-grandes-20-pza/TOLL-02,/producto/Toallas-sanitarias-grandes-20-pza/TOLL-02,producto,sugerido,/producto/alimento-croqueta-nucan-cachorro-razas-medianas-y-grandes-900-gr-pza-nuan-c900g,baja,tokens_compartidos_2
https://artiani.com.mx/producto/Tortuguero-circular-en-kit-/TOR-02,/producto/Tortuguero-circular-en-kit-/TOR-02,producto,sin_equivalente,,baja,requiere_revision_manual
https://artiani.com.mx/producto/Tortuguero-de-rinon-en-kit/TOR-01,/producto/Tortuguero-de-rinon-en-kit/TOR-01,producto,sin_equivalente,,baja,requiere_revision_manual
https://artiani.com.mx/producto/Transportadora-capsula-apolo-para-mascotas/TRAP-01,/producto/Transportadora-capsula-apolo-para-mascotas/TRAP-01,producto,sugerido,/producto/aclarador-de-ojos-para-tortugas-30-ml-pza-fl1108,baja,tokens_compartidos_1
https://artiani.com.mx/producto/Transportadora-capsula-mercurio-para-mascotas/TRAP-02,/producto/Transportadora-capsula-mercurio-para-mascotas/TRAP-02,producto,sugerido,/producto/aclarador-de-ojos-para-tortugas-30-ml-pza-fl1108,baja,tokens_compartidos_1
https://artiani.com.mx/producto/Transportadora-maletin-delta-armable-chica-/TRA-22,/producto/Transportadora-maletin-delta-armable-chica-/TRA-22,producto,sin_equivalente,,baja,requiere_revision_manual
https://artiani.com.mx/producto/Transportadora-maletin-delta-armable-mediana-/TRA-21,/producto/Transportadora-maletin-delta-armable-mediana-/TRA-21,producto,sin_equivalente,,baja,requiere_revision_manual
https://artiani.com.mx/producto/Transportadora-mid-chica-azul-/MID-04,/producto/Transportadora-mid-chica-azul-/MID-04,producto,sin_equivalente,,baja,requiere_revision_manual
https://artiani.com.mx/producto/Transportadora-mid-chica-gris-/MID-03,/producto/Transportadora-mid-chica-gris-/MID-03,producto,sin_equivalente,,baja,requiere_revision_manual
https://artiani.com.mx/producto/Transportadora-mid-mediana-azul/MID-02,/producto/Transportadora-mid-mediana-azul/MID-02,producto,sin_equivalente,,baja,requiere_revision_manual
https://artiani.com.mx/producto/Transportadora-mid-mediana-gris-/MID-01,/producto/Transportadora-mid-mediana-gris-/MID-01,producto,sin_equivalente,,baja,requiere_revision_manual
https://artiani.com.mx/producto/Vitamina-A-para-tortuga-/VITA-30,/producto/Vitamina-A-para-tortuga-/VITA-30,producto,sugerido,/producto/aclarador-de-ojos-para-tortugas-30-ml-pza-fl1108,baja,tokens_compartidos_1
"https://artiani.com.mx/producto/categoria/accesorios,-entrenamiento,-sujetadores-para-gato","/producto/categoria/accesorios,-entrenamiento,-sujetadores-para-gato",categoria,sugerido,/categoria/acuario-y-peces/repuestos-aditamentos-y-accesorios/repuestos-para-peceras,baja,tokens_compartidos_2
"https://artiani.com.mx/producto/categoria/accesorios,-entrenamiento,-sujetadores-para-perro","/producto/categoria/accesorios,-entrenamiento,-sujetadores-para-perro",categoria,sugerido,/categoria/acuario-y-peces/repuestos-aditamentos-y-accesorios/repuestos-para-peceras,baja,tokens_compartidos_2
https://artiani.com.mx/producto/categoria/accesorios_y_aditamentos_para_hamster,/producto/categoria/accesorios_y_aditamentos_para_hamster,categoria,sugerido,/categoria/acuario-y-peces/repuestos-aditamentos-y-accesorios/repuestos-para-peceras,media,tokens_compartidos_3
"https://artiani.com.mx/producto/categoria/acuarios,-nano,-micro-y-megas-con-y-sin-mueble-para-peces-","/producto/categoria/acuarios,-nano,-micro-y-megas-con-y-sin-mueble-para-peces-",categoria,sugerido,/categoria/acuario-y-peces/alimentacion/alimentos-para-betta,baja,tokens_compartidos_2
https://artiani.com.mx/producto/categoria/aditamentos-y-accesorios-para-tortugas,/producto/categoria/aditamentos-y-accesorios-para-tortugas,categoria,sugerido,/categoria/acuario-y-peces/repuestos-aditamentos-y-accesorios/repuestos-para-peceras,media,tokens_compartidos_3
https://artiani.com.mx/producto/categoria/alimentacion_para_hamsters,/producto/categoria/alimentacion_para_hamsters,categoria,sugerido,/categoria/acuario-y-peces/alimentacion/alimentos-para-betta,baja,tokens_compartidos_2
https://artiani.com.mx/producto/categoria/alimento-para-gatos,/producto/categoria/alimento-para-gatos,categoria,sugerido,/categoria/acuario-y-peces/alimentacion/alimentos-para-betta,baja,tokens_compartidos_1
https://artiani.com.mx/producto/categoria/alimento-para-perros-,/producto/categoria/alimento-para-perros-,categoria,sugerido,/categoria/acuario-y-peces/alimentacion/alimentos-para-betta,baja,tokens_compartidos_1
https://artiani.com.mx/producto/categoria/alimento-y-alimentadores-para-colibri,/producto/categoria/alimento-y-alimentadores-para-colibri,categoria,sugerido,/categoria/acuario-y-peces/alimentacion/alimentadores,baja,tokens_compartidos_1
https://artiani.com.mx/producto/categoria/alimento-y-alimentadores-para-conejos,/producto/categoria/alimento-y-alimentadores-para-conejos,categoria,sugerido,/categoria/acuario-y-peces/alimentacion/alimentadores,baja,tokens_compartidos_1
https://artiani.com.mx/producto/categoria/alimento-y-alimentadores-para-cuyo,/producto/categoria/alimento-y-alimentadores-para-cuyo,categoria,sugerido,/categoria/acuario-y-peces/alimentacion/alimentadores,baja,tokens_compartidos_1
https://artiani.com.mx/producto/categoria/alimento-y-alimentadores-para-erizo,/producto/categoria/alimento-y-alimentadores-para-erizo,categoria,sugerido,/categoria/pequenos-mamiferos/erizo/alimentacion/alimento-vivo-y-deshidratado,baja,tokens_compartidos_2
https://artiani.com.mx/producto/categoria/alimento_para_tortugas,/producto/categoria/alimento_para_tortugas,categoria,sugerido,/categoria/reptiles-y-tortugas/iguanas/alimentos-para-iguana,baja,tokens_compartidos_2
https://artiani.com.mx/producto/categoria/alimentos-de-acuario,/producto/categoria/alimentos-de-acuario,categoria,sugerido,/categoria/acuario-y-peces/alimentacion/alimentos-de-acuario,baja,tokens_compartidos_2
https://artiani.com.mx/producto/categoria/alimentos-para-aves,/producto/categoria/alimentos-para-aves,categoria,sugerido,/categoria/acuario-y-peces/alimentacion/alimentos-para-betta,baja,tokens_compartidos_2
https://artiani.com.mx/producto/categoria/alimentos-para-iguana,/producto/categoria/alimentos-para-iguana,categoria,sugerido,/categoria/reptiles-y-tortugas/iguanas/alimentos-para-iguana,media,tokens_compartidos_3
https://artiani.com.mx/producto/categoria/alimentos-para-mamiferos-roedores,/producto/categoria/alimentos-para-mamiferos-roedores,categoria,sugerido,/categoria/acuario-y-peces/alimentacion/alimentos-para-betta,baja,tokens_compartidos_2
https://artiani.com.mx/producto/categoria/alimentos-para-pez-betta,/producto/categoria/alimentos-para-pez-betta,categoria,sugerido,/categoria/acuario-y-peces/alimentacion/alimentos-para-betta,media,tokens_compartidos_3
https://artiani.com.mx/producto/categoria/alimentos-vivos,/producto/categoria/alimentos-vivos,categoria,sugerido,/categoria/reptiles-y-tortugas/reptiles-generales/alimentos-vivos,baja,tokens_compartidos_2
https://artiani.com.mx/producto/categoria/alimentos-y-aditamentos-para-pajaros,/producto/categoria/alimentos-y-aditamentos-para-pajaros,categoria,sugerido,/categoria/acuario-y-peces/alimentacion/alimentos-para-betta,baja,tokens_compartidos_2
https://artiani.com.mx/producto/categoria/alimentos_para_peces,/producto/categoria/alimentos_para_peces,categoria,sugerido,/categoria/acuario-y-peces/alimentacion/alimentos-para-betta,media,tokens_compartidos_3
https://artiani.com.mx/producto/categoria/alimentos_para_reptiles,/producto/categoria/alimentos_para_reptiles,categoria,sugerido,/categoria/reptiles-y-tortugas/iguanas/alimentos-para-iguana,media,tokens_compartidos_3
https://artiani.com.mx/producto/categoria/antipulgas-para-perros-y-gatos,/producto/categoria/antipulgas-para-perros-y-gatos,categoria,sugerido,/categoria/perros/salud-e-higiene/antipulgas-y-control-externo,baja,tokens_compartidos_2
https://artiani.com.mx/producto/categoria/areneros,/producto/categoria/areneros,categoria,sugerido,/categoria/gatos/salud-e-higiene/areneros,baja,tokens_compartidos_1
https://artiani.com.mx/producto/categoria/bases_para_peceras,/producto/categoria/bases_para_peceras,categoria,sugerido,/categoria/acuario-y-peces/peceras-acuarios-y-muebles/bases-y-muebles,baja,tokens_compartidos_2
https://artiani.com.mx/producto/categoria/bombas-sumergibles-,/producto/categoria/bombas-sumergibles-,categoria,sugerido,/categoria/acuario-y-peces/equipamiento-tecnico/bombas-y-circulacion,baja,tokens_compartidos_1
https://artiani.com.mx/producto/categoria/calefaccion_para_peces,/producto/categoria/calefaccion_para_peces,categoria,sugerido,/categoria/acuario-y-peces/alimentacion/alimentos-para-betta,baja,tokens_compartidos_2
https://artiani.com.mx/producto/categoria/calefaccion_para_reptiles,/producto/categoria/calefaccion_para_reptiles,categoria,sugerido,/categoria/reptiles-y-tortugas/iguanas/alimentos-para-iguana,baja,tokens_compartidos_2
https://artiani.com.mx/producto/categoria/camas-casas-y-colchones-para-conejos,/producto/categoria/camas-casas-y-colchones-para-conejos,categoria,sugerido,/categoria/pequenos-mamiferos/conejo/camas-casas-y-colchones,media,tokens_compartidos_3
https://artiani.com.mx/producto/categoria/camas-casas-y-colchones-para-perros,/producto/categoria/camas-casas-y-colchones-para-perros,categoria,sugerido,/categoria/pequenos-mamiferos/conejo/camas-casas-y-colchones,media,tokens_compartidos_3
https://artiani.com.mx/producto/categoria/camas_casas_y_colchones_para_gatos,/producto/categoria/camas_casas_y_colchones_para_gatos,categoria,sugerido,/categoria/gatos/habitat-y-descanso/camas-y-colchones,media,tokens_compartidos_3
https://artiani.com.mx/producto/categoria/casas_para_perros,/producto/categoria/casas_para_perros,categoria,sugerido,/categoria/perros/habitat-y-descanso/casas,baja,tokens_compartidos_2
https://artiani.com.mx/producto/categoria/decoracion-para-peceras,/producto/categoria/decoracion-para-peceras,categoria,sugerido,/categoria/acuario-y-peces/decoracion-y-ambientacion/decoracion-para-peces,baja,tokens_compartidos_2
https://artiani.com.mx/producto/categoria/decoracion-y-aditamentos-para-reptiles,/producto/categoria/decoracion-y-aditamentos-para-reptiles,categoria,sugerido,/categoria/reptiles-y-tortugas/reptiles-generales/decoracion-y-aditamentos,media,tokens_compartidos_3
https://artiani.com.mx/producto/categoria/dispensadores_de_agua_y_comida,/producto/categoria/dispensadores_de_agua_y_comida,categoria,sugerido,/categorias,baja,fallback_a_categorias
https://artiani.com.mx/producto/categoria/empty-cart.html,/producto/categoria/empty-cart.html,categoria,sugerido,/categorias,baja,fallback_a_categorias
https://artiani.com.mx/producto/categoria/filtracion_y_oxigenacion,/producto/categoria/filtracion_y_oxigenacion,categoria,sugerido,/categoria/acuario-y-peces/equipamiento-tecnico/filtracion-y-oxigenacion,baja,tokens_compartidos_2
https://artiani.com.mx/producto/categoria/habitat-para-mamiferos,/producto/categoria/habitat-para-mamiferos,categoria,sugerido,/categoria/aves/habitat/accesorios-para-jaulas,baja,tokens_compartidos_2
https://artiani.com.mx/producto/categoria/iluminacion_para_peces,/producto/categoria/iluminacion_para_peces,categoria,sugerido,/categoria/acuario-y-peces/alimentacion/alimentos-para-betta,baja,tokens_compartidos_2
https://artiani.com.mx/producto/categoria/index-skin-base-ball.html,/producto/categoria/index-skin-base-ball.html,categoria,sugerido,/categorias,baja,fallback_a_categorias
https://artiani.com.mx/producto/categoria/index-skin-football.html,/producto/categoria/index-skin-football.html,categoria,sugerido,/categorias,baja,fallback_a_categorias
https://artiani.com.mx/producto/categoria/index-skin-snowboards.html,/producto/categoria/index-skin-snowboards.html,categoria,sugerido,/categorias,baja,fallback_a_categorias
https://artiani.com.mx/producto/categoria/index.html,/producto/categoria/index.html,categoria,sugerido,/categorias,baja,fallback_a_categorias
"https://artiani.com.mx/producto/categoria/jaulas,-vallas-y-casas-para-gatos","/producto/categoria/jaulas,-vallas-y-casas-para-gatos",categoria,sugerido,/categoria/aves/habitat/accesorios-para-jaulas,baja,tokens_compartidos_2
https://artiani.com.mx/producto/categoria/jaulas-corrales-y-vallas-para-perros,/producto/categoria/jaulas-corrales-y-vallas-para-perros,categoria,sugerido,/categoria/perros/habitat-y-descanso/corrales-y-vallas,media,tokens_compartidos_3
https://artiani.com.mx/producto/categoria/jaulas_para_conejos,/producto/categoria/jaulas_para_conejos,categoria,sugerido,/categoria/aves/habitat/accesorios-para-jaulas,baja,tokens_compartidos_2
https://artiani.com.mx/producto/categoria/jaulas_para_cuyos,/producto/categoria/jaulas_para_cuyos,categoria,sugerido,/categoria/aves/habitat/accesorios-para-jaulas,baja,tokens_compartidos_2
https://artiani.com.mx/producto/categoria/jaulas_para_erizo,/producto/categoria/jaulas_para_erizo,categoria,sugerido,/categoria/aves/habitat/accesorios-para-jaulas,baja,tokens_compartidos_2
https://artiani.com.mx/producto/categoria/jaulas_para_hamsters,/producto/categoria/jaulas_para_hamsters,categoria,sugerido,/categoria/aves/habitat/accesorios-para-jaulas,baja,tokens_compartidos_2
https://artiani.com.mx/producto/categoria/jaulas_para_pajaros,/producto/categoria/jaulas_para_pajaros,categoria,sugerido,/categoria/aves/habitat/accesorios-para-jaulas,baja,tokens_compartidos_2
https://artiani.com.mx/producto/categoria/juguetes_para_gatos,/producto/categoria/juguetes_para_gatos,categoria,sugerido,/categoria/gatos/juego-y-enriquecimiento/juguetes,baja,tokens_compartidos_2
https://artiani.com.mx/producto/categoria/juguetes_para_pajaros,/producto/categoria/juguetes_para_pajaros,categoria,sugerido,/categoria/acuario-y-peces/alimentacion/alimentos-para-betta,baja,tokens_compartidos_1
https://artiani.com.mx/producto/categoria/juguetes_para_perros,/producto/categoria/juguetes_para_perros,categoria,sugerido,/categoria/perros/juego-y-enriquecimiento/juguetes,baja,tokens_compartidos_2
https://artiani.com.mx/producto/categoria/listing-left-column.html,/producto/categoria/listing-left-column.html,categoria,sugerido,/categorias,baja,fallback_a_categorias
https://artiani.com.mx/producto/categoria/mochilas-transportadoras,/producto/categoria/mochilas-transportadoras,categoria,sugerido,/categoria/gatos/transporte-paseo-y-entrenamiento/mochilas-transportadoras,baja,tokens_compartidos_2
https://artiani.com.mx/producto/categoria/peceras,/producto/categoria/peceras,categoria,sugerido,/categoria/acuario-y-peces/peceras-acuarios-y-muebles,baja,tokens_compartidos_1
https://artiani.com.mx/producto/categoria/peceras-para-bettas-(beteras),/producto/categoria/peceras-para-bettas-(beteras),categoria,sugerido,/categoria/acuario-y-peces/repuestos-aditamentos-y-accesorios/repuestos-para-peceras,baja,tokens_compartidos_2
https://artiani.com.mx/producto/categoria/peceras_equipadas,/producto/categoria/peceras_equipadas,categoria,sugerido,/categoria/acuario-y-peces/peceras-acuarios-y-muebles,baja,tokens_compartidos_1
"https://artiani.com.mx/producto/categoria/platos,-tazones-y-contenedores-de-alimento","/producto/categoria/platos,-tazones-y-contenedores-de-alimento",categoria,sugerido,/categoria/aves/alimentacion/alimento-vivo-y-deshidratado,baja,tokens_compartidos_1
"https://artiani.com.mx/producto/categoria/premios,-snacks-y-desgaste-de-dientes-para-roedor","/producto/categoria/premios,-snacks-y-desgaste-de-dientes-para-roedor",categoria,sugerido,/categoria/aves/alimentacion/premios-y-snacks,baja,tokens_compartidos_2
https://artiani.com.mx/producto/categoria/product.html,/producto/categoria/product.html,categoria,sugerido,/categorias,baja,fallback_a_categorias
https://artiani.com.mx/producto/categoria/rascaderos-para-gato,/producto/categoria/rascaderos-para-gato,categoria,sugerido,/categoria/acuario-y-peces/alimentacion/alimentos-para-betta,baja,tokens_compartidos_1
https://artiani.com.mx/producto/categoria/repuestos_y_aditamentos_para_peceras,/producto/categoria/repuestos_y_aditamentos_para_peceras,categoria,sugerido,/categoria/acuario-y-peces/repuestos-aditamentos-y-accesorios/repuestos-para-peceras,media,tokens_compartidos_4
https://artiani.com.mx/producto/categoria/salud-e-higiene-para-conejos,/producto/categoria/salud-e-higiene-para-conejos,categoria,sugerido,/categoria/gatos/salud-e-higiene,baja,tokens_compartidos_2
https://artiani.com.mx/producto/categoria/salud-e-higiene-para-cuyo,/producto/categoria/salud-e-higiene-para-cuyo,categoria,sugerido,/categoria/pequenos-mamiferos/cuyo/salud-e-higiene,media,tokens_compartidos_3
https://artiani.com.mx/producto/categoria/salud-e-higiene-para-erizo-,/producto/categoria/salud-e-higiene-para-erizo-,categoria,sugerido,/categoria/pequenos-mamiferos/erizo/salud-e-higiene,media,tokens_compartidos_3
https://artiani.com.mx/producto/categoria/salud-e-higiene-para-gatos,/producto/categoria/salud-e-higiene-para-gatos,categoria,sugerido,/categoria/gatos/salud-e-higiene,media,tokens_compartidos_3
https://artiani.com.mx/producto/categoria/salud_e_higiene_para_perros,/producto/categoria/salud_e_higiene_para_perros,categoria,sugerido,/categoria/perros/salud-e-higiene,media,tokens_compartidos_3
https://artiani.com.mx/producto/categoria/terrarios,/producto/categoria/terrarios,categoria,sugerido,/categoria/reptiles-y-tortugas/iguanas/terrarios,baja,tokens_compartidos_1
https://artiani.com.mx/producto/categoria/tortugueros,/producto/categoria/tortugueros,categoria,sugerido,/categoria/reptiles-y-tortugas/tortugas/tortugueros,baja,tokens_compartidos_1
https://artiani.com.mx/producto/categoria/transportadoras-mascoteras-de-plastico,/producto/categoria/transportadoras-mascoteras-de-plastico,categoria,sugerido,/categoria/gatos/transporte-paseo-y-entrenamiento/mochilas-transportadoras,baja,tokens_compartidos_1
https://artiani.com.mx/producto/categoria/transportadoras_para_gatos,/producto/categoria/transportadoras_para_gatos,categoria,sugerido,/categoria/gatos/transporte-paseo-y-entrenamiento/mochilas-transportadoras,baja,tokens_compartidos_2
https://artiani.com.mx/producto/categoria/transportadoras_para_perros,/producto/categoria/transportadoras_para_perros,categoria,sugerido,/categoria/perros/transporte-paseo-y-entrenamiento/mochilas-transportadoras,baja,tokens_compartidos_2
https://artiani.com.mx/producto/clasificacion/acuario,/producto/clasificacion/acuario,categoria,sugerido,/categoria/acuario-y-peces,baja,tokens_compartidos_1
https://artiani.com.mx/producto/clasificacion/aves,/producto/clasificacion/aves,categoria,sugerido,/categoria/aves,baja,tokens_compartidos_1
https://artiani.com.mx/producto/clasificacion/betta,/producto/clasificacion/betta,categoria,sugerido,/categoria/acuario-y-peces/alimentacion/alimentos-para-betta,baja,tokens_compartidos_1
https://artiani.com.mx/producto/clasificacion/conejo,/producto/clasificacion/conejo,categoria,sugerido,/categoria/pequenos-mamiferos/conejo,baja,tokens_compartidos_1
https://artiani.com.mx/producto/clasificacion/cuyo,/producto/clasificacion/cuyo,categoria,sugerido,/categoria/pequenos-mamiferos/cuyo,baja,tokens_compartidos_1
https://artiani.com.mx/producto/clasificacion/empty-cart.html,/producto/clasificacion/empty-cart.html,categoria,sugerido,/categorias,baja,fallback_a_categorias
https://artiani.com.mx/producto/clasificacion/erizo,/producto/clasificacion/erizo,categoria,sugerido,/categoria/pequenos-mamiferos/erizo,baja,tokens_compartidos_1
https://artiani.com.mx/producto/clasificacion/gato,/producto/clasificacion/gato,categoria,sugerido,/categorias,baja,fallback_a_categorias
https://artiani.com.mx/producto/clasificacion/hamster,/producto/clasificacion/hamster,categoria,sugerido,/categoria/pequenos-mamiferos/hamster,baja,tokens_compartidos_1
https://artiani.com.mx/producto/clasificacion/iguana,/producto/clasificacion/iguana,categoria,sugerido,/categoria/reptiles-y-tortugas/iguanas/alimentos-para-iguana,baja,tokens_compartidos_1
https://artiani.com.mx/producto/clasificacion/index-skin-base-ball.html,/producto/clasificacion/index-skin-base-ball.html,categoria,sugerido,/categorias,baja,fallback_a_categorias
https://artiani.com.mx/producto/clasificacion/index-skin-football.html,/producto/clasificacion/index-skin-football.html,categoria,sugerido,/categorias,baja,fallback_a_categorias
https://artiani.com.mx/producto/clasificacion/index-skin-snowboards.html,/producto/clasificacion/index-skin-snowboards.html,categoria,sugerido,/categorias,baja,fallback_a_categorias
https://artiani.com.mx/producto/clasificacion/index.html,/producto/clasificacion/index.html,categoria,sugerido,/categorias,baja,fallback_a_categorias
https://artiani.com.mx/producto/clasificacion/listing-left-column.html,/producto/clasificacion/listing-left-column.html,categoria,sugerido,/categorias,baja,fallback_a_categorias
https://artiani.com.mx/producto/clasificacion/mamiferos,/producto/clasificacion/mamiferos,categoria,sugerido,/categoria/pequenos-mamiferos,baja,tokens_compartidos_1
https://artiani.com.mx/producto/clasificacion/perro,/producto/clasificacion/perro,categoria,sugerido,/categorias,baja,fallback_a_categorias
https://artiani.com.mx/producto/clasificacion/perros-y-gatos,/producto/clasificacion/perros-y-gatos,categoria,sugerido,/categoria/gatos,baja,tokens_compartidos_1
https://artiani.com.mx/producto/clasificacion/product.html,/producto/clasificacion/product.html,categoria,sugerido,/categorias,baja,fallback_a_categorias
https://artiani.com.mx/producto/clasificacion/reptiles,/producto/clasificacion/reptiles,categoria,sugerido,/categoria/reptiles-y-tortugas,baja,tokens_compartidos_1
https://artiani.com.mx/producto/clasificacion/tortuga,/producto/clasificacion/tortuga,categoria,sugerido,/categorias,baja,fallback_a_categorias
https://artiani.com.mx/producto/tortuguero-circular-solo/TOR-03,/producto/tortuguero-circular-solo/TOR-03,producto,sin_equivalente,,baja,requiere_revision_manual
https://artiani.com.mx/robots.txt,/robots.txt,desconocido,sin_equivalente,,baja,requiere_revision_manual
https://artiani.com.mx/sitemap.xml,/sitemap.xml,desconocido,sin_equivalente,,baja,requiere_revision_manual
https://artiani.com.mx/tienda/como_comprar,/tienda/como_comprar,desconocido,sin_equivalente,,baja,requiere_revision_manual
https://artiani.com.mx/tienda/empty-cart.html,/tienda/empty-cart.html,desconocido,sin_equivalente,,baja,requiere_revision_manual
https://artiani.com.mx/tienda/index-skin-base-ball.html,/tienda/index-skin-base-ball.html,desconocido,sin_equivalente,,baja,requiere_revision_manual
https://artiani.com.mx/tienda/index-skin-football.html,/tienda/index-skin-football.html,desconocido,sin_equivalente,,baja,requiere_revision_manual
https://artiani.com.mx/tienda/index-skin-snowboards.html,/tienda/index-skin-snowboards.html,desconocido,sin_equivalente,,baja,requiere_revision_manual
https://artiani.com.mx/tienda/index.html,/tienda/index.html,desconocido,sin_equivalente,,baja,requiere_revision_manual
https://artiani.com.mx/tienda/product.html,/tienda/product.html,producto,sin_equivalente,,baja,requiere_revision_manual
