url,path,tipo_detectado,status,content_type,titulo,fuente
https://artiani.com.mx/,/,home,200,"text/html; charset=UTF-8","Artiani acuario, artículos para animales y más",crawl
https://artiani.com.mx/carrito/empty-cart.html,/carrito/empty-cart.html,otro,500,"text/html; charset=UTF-8",,crawl
https://artiani.com.mx/carrito/index-skin-base-ball.html,/carrito/index-skin-base-ball.html,otro,500,"text/html; charset=UTF-8",,crawl
https://artiani.com.mx/carrito/index-skin-football.html,/carrito/index-skin-football.html,otro,500,"text/html; charset=UTF-8",,crawl
https://artiani.com.mx/carrito/index-skin-snowboards.html,/carrito/index-skin-snowboards.html,otro,500,"text/html; charset=UTF-8",,crawl
https://artiani.com.mx/carrito/index.html,/carrito/index.html,otro,500,"text/html; charset=UTF-8",,crawl
https://artiani.com.mx/carrito/product.html,/carrito/product.html,otro,500,"text/html; charset=UTF-8",,crawl
https://artiani.com.mx/carrito/vista_previa,/carrito/vista_previa,otro,200,"text/html; charset=UTF-8","Carrito - Beay",crawl
https://artiani.com.mx/collections/empty-cart.html,/collections/empty-cart.html,otro,200,"text/html; charset=UTF-8","Artiani acuario, artículos para animales y más",crawl
https://artiani.com.mx/collections/index-skin-base-ball.html,/collections/index-skin-base-ball.html,otro,200,"text/html; charset=UTF-8","Artiani acuario, artículos para animales y más",crawl
https://artiani.com.mx/collections/index-skin-football.html,/collections/index-skin-football.html,otro,200,"text/html; charset=UTF-8","Artiani acuario, artículos para animales y más",crawl
https://artiani.com.mx/collections/index-skin-snowboards.html,/collections/index-skin-snowboards.html,otro,200,"text/html; charset=UTF-8","Artiani acuario, artículos para animales y más",crawl
https://artiani.com.mx/collections/index.html,/collections/index.html,otro,200,"text/html; charset=UTF-8","Artiani acuario, artículos para animales y más",crawl
https://artiani.com.mx/collections/listing-collection.html,/collections/listing-collection.html,otro,200,"text/html; charset=UTF-8","Artiani acuario, artículos para animales y más",crawl
https://artiani.com.mx/collections/listing-left-column.html,/collections/listing-left-column.html,otro,200,"text/html; charset=UTF-8","Artiani acuario, artículos para animales y más",crawl
https://artiani.com.mx/collections/product.html,/collections/product.html,otro,200,"text/html; charset=UTF-8","Artiani acuario, artículos para animales y más",crawl
https://artiani.com.mx/collections/womens,/collections/womens,otro,200,"text/html; charset=UTF-8","Artiani acuario, artículos para animales y más",crawl
https://artiani.com.mx/contacto,/contacto,contacto,200,"text/html; charset=UTF-8","Contacto - Beay",crawl
https://artiani.com.mx/empty-cart.html,/empty-cart.html,otro,200,"text/html; charset=UTF-8","Artiani acuario, artículos para animales y más",crawl
https://artiani.com.mx/index-skin-base-ball.html,/index-skin-base-ball.html,otro,200,"text/html; charset=UTF-8","Artiani acuario, artículos para animales y más",crawl
https://artiani.com.mx/index-skin-football.html,/index-skin-football.html,otro,200,"text/html; charset=UTF-8","Artiani acuario, artículos para animales y más",crawl
https://artiani.com.mx/index-skin-snowboards.html,/index-skin-snowboards.html,otro,200,"text/html; charset=UTF-8","Artiani acuario, artículos para animales y más",crawl
https://artiani.com.mx/index.html,/index.html,otro,200,"text/html; charset=UTF-8","Artiani acuario, artículos para animales y más",crawl
https://artiani.com.mx/listing-collection.html,/listing-collection.html,otro,200,"text/html; charset=UTF-8","Artiani acuario, artículos para animales y más",crawl
https://artiani.com.mx/listing-left-column.html,/listing-left-column.html,otro,200,"text/html; charset=UTF-8","Artiani acuario, artículos para animales y más",crawl
https://artiani.com.mx/product.html,/product.html,otro,200,"text/html; charset=UTF-8","Artiani acuario, artículos para animales y más",crawl
https://artiani.com.mx/producto/-Banera-casa-para-hamster-azul/TINA-01H,/producto/-Banera-casa-para-hamster-azul/TINA-01H,producto_legacy,200,"text/html; charset=UTF-8","Producto - Banera casa para hamster azul",crawl
https://artiani.com.mx/producto/-Grava-cacahuate-por-costal/GRA-01,/producto/-Grava-cacahuate-por-costal/GRA-01,producto_legacy,200,"text/html; charset=UTF-8","Producto - Grava cacahuate por costal",crawl
https://artiani.com.mx/producto/Aclarador-de-ojos-para-tortuga/ACLA-30,/producto/Aclarador-de-ojos-para-tortuga/ACLA-30,producto_legacy,200,"text/html; charset=UTF-8","Producto - Aclarador de ojos para tortuga",crawl
https://artiani.com.mx/producto/Acuario-de-coliseo-70-lts-con-mueble-/NANO-08,/producto/Acuario-de-coliseo-70-lts-con-mueble-/NANO-08,producto_legacy,200,"text/html; charset=UTF-8","Producto - Acuario de coliseo 70 lts con mueble",crawl
https://artiani.com.mx/producto/Acuario-imperio-con-mueble-100-Lts-/NANO-09,/producto/Acuario-imperio-con-mueble-100-Lts-/NANO-09,producto_legacy,200,"text/html; charset=UTF-8","Producto - Acuario imperio con mueble 100 Lts",crawl
https://artiani.com.mx/producto/Acuario-nano-minus-15-lts/NANO-02,/producto/Acuario-nano-minus-15-lts/NANO-02,producto_legacy,200,"text/html; charset=UTF-8","Producto - Acuario nano minus 15 lts",crawl
https://artiani.com.mx/producto/Acuario-nano-redu-21-L/NANO-06,/producto/Acuario-nano-redu-21-L/NANO-06,producto_legacy,200,"text/html; charset=UTF-8","Producto - Acuario nano redu 21 L",crawl
https://artiani.com.mx/producto/Alimento-betta-bit-frasco/ALI-25B,/producto/Alimento-betta-bit-frasco/ALI-25B,producto_legacy,200,"text/html; charset=UTF-8","Producto - Alimento betta bit frasco",crawl
https://artiani.com.mx/producto/Alimento-betta-premium-8-gramos-/ALI-8B,/producto/Alimento-betta-premium-8-gramos-/ALI-8B,producto_legacy,200,"text/html; charset=UTF-8","Producto - Alimento betta premium 8 gramos",crawl
https://artiani.com.mx/producto/Alimento-betta-premium-sobre-/ALIB-28,/producto/Alimento-betta-premium-sobre-/ALIB-28,producto_legacy,200,"text/html; charset=UTF-8","Producto - Alimento betta premium sobre",crawl
https://artiani.com.mx/producto/Alimento-bettabit-sobre-/ALI-50B,/producto/Alimento-bettabit-sobre-/ALI-50B,producto_legacy,200,"text/html; charset=UTF-8","Producto - Alimento bettabit sobre",crawl
https://artiani.com.mx/producto/Alimento-de-vacaciones-para-peces/ALI-4V,/producto/Alimento-de-vacaciones-para-peces/ALI-4V,producto_legacy,200,"text/html; charset=UTF-8","Producto - Alimento de vacaciones para peces",crawl
https://artiani.com.mx/producto/Alimento-para-chinchilla-red-/ALICHI-01,/producto/Alimento-para-chinchilla-red-/ALICHI-01,producto_legacy,200,"text/html; charset=UTF-8","Producto - Alimento para chinchilla red",crawl
https://artiani.com.mx/producto/Alimento-para-erizo-bombyx-grande/ALIE-1.2B,/producto/Alimento-para-erizo-bombyx-grande/ALIE-1.2B,producto_legacy,200,"text/html; charset=UTF-8","Producto - Alimento para erizo bombyx grande",crawl
https://artiani.com.mx/producto/Alimento-para-erizo-tenebrio-grande/ALIE-1.2T,/producto/Alimento-para-erizo-tenebrio-grande/ALIE-1.2T,producto_legacy,200,"text/html; charset=UTF-8","Producto - Alimento para erizo tenebrio grande",crawl
https://artiani.com.mx/producto/Alimento-para-gato-adulto-indoor-nupec-1.5-kg/NUGAIN-01,/producto/Alimento-para-gato-adulto-indoor-nupec-1.5-kg/NUGAIN-01,producto_legacy,200,"text/html; charset=UTF-8","Producto - Alimento para gato adulto indoor nupec 1.5 kg",crawl
https://artiani.com.mx/producto/Alimento-para-gato-adulto-indoor-nupec-3kg/NUPI-01,/producto/Alimento-para-gato-adulto-indoor-nupec-3kg/NUPI-01,producto_legacy,200,"text/html; charset=UTF-8","Producto - Alimento para gato adulto indoor nupec 3kg",crawl
https://artiani.com.mx/producto/Alimento-para-gato-kitten-nupec-3kg/KINU-01,/producto/Alimento-para-gato-kitten-nupec-3kg/KINU-01,producto_legacy,200,"text/html; charset=UTF-8","Producto - Alimento para gato kitten nupec 3kg",crawl
https://artiani.com.mx/producto/Alimento-para-huron-fortificada-/ALIU-02,/producto/Alimento-para-huron-fortificada-/ALIU-02,producto_legacy,200,"text/html; charset=UTF-8","Producto - Alimento para huron fortificada",crawl
https://artiani.com.mx/producto/Alimento-para-huron-premium/ALIU-01,/producto/Alimento-para-huron-premium/ALIU-01,producto_legacy,200,"text/html; charset=UTF-8","Producto - Alimento para huron premium",crawl
https://artiani.com.mx/producto/Alimento-para-iguana-juvenil-350-gramos-/ALII-03,/producto/Alimento-para-iguana-juvenil-350-gramos-/ALII-03,producto_legacy,200,"text/html; charset=UTF-8","Producto - Alimento para iguana juvenil 350 gramos",crawl
https://artiani.com.mx/producto/Alimento-para-peces-de-fondo-70-grs/ALIF-01,/producto/Alimento-para-peces-de-fondo-70-grs/ALIF-01,producto_legacy,200,"text/html; charset=UTF-8","Producto - Alimento para peces de fondo 70 grs",crawl
https://artiani.com.mx/producto/Alimento-para-tortuga-bites-(bolitas)/ALITO-01,/producto/Alimento-para-tortuga-bites-(bolitas)/ALITO-01,producto_legacy,200,"text/html; charset=UTF-8","Producto - Alimento para tortuga bites (bolitas)",crawl
https://artiani.com.mx/producto/Alimento-para-tortuga-reptil-sticks-300-grs/ALITO-05,/producto/Alimento-para-tortuga-reptil-sticks-300-grs/ALITO-05,producto_legacy,200,"text/html; charset=UTF-8","Producto - Alimento para tortuga reptil sticks 300 grs",crawl
https://artiani.com.mx/producto/Alimento-para-tortuga-stick-(palitos)/ALITO-02,/producto/Alimento-para-tortuga-stick-(palitos)/ALITO-02,producto_legacy,200,"text/html; charset=UTF-8","Producto - Alimento para tortuga stick (palitos)",crawl
https://artiani.com.mx/producto/Alimento-para-tortuga-sticks-baby-mini-/ALITO-03,/producto/Alimento-para-tortuga-sticks-baby-mini-/ALITO-03,producto_legacy,200,"text/html; charset=UTF-8","Producto - Alimento para tortuga sticks baby mini",crawl
https://artiani.com.mx/producto/Alimento_bioflock_artemia_160_grs/ALI-160F,/producto/Alimento_bioflock_artemia_160_grs/ALI-160F,producto_legacy,200,"text/html; charset=UTF-8","Producto - Alimento_bioflock_artemia_160_grs",crawl
https://artiani.com.mx/producto/Alimento_para_erizo_bombyx_mediano/ALIE-700B,/producto/Alimento_para_erizo_bombyx_mediano/ALIE-700B,producto_legacy,200,"text/html; charset=UTF-8","Producto - Alimento_para_erizo_bombyx_mediano",crawl
https://artiani.com.mx/producto/Alimento_para_erizo_tenebrio_mediano/ALIE-700T,/producto/Alimento_para_erizo_tenebrio_mediano/ALIE-700T,producto_legacy,200,"text/html; charset=UTF-8","Producto - Alimento_para_erizo_tenebrio_mediano",crawl
https://artiani.com.mx/producto/Alimento_premium_para_pez_goldfish_90_grs/ALI-90G,/producto/Alimento_premium_para_pez_goldfish_90_grs/ALI-90G,producto_legacy,200,"text/html; charset=UTF-8","Producto - Alimento_premium_para_pez_goldfish_90_grs",crawl
https://artiani.com.mx/producto/Alimento_tropical_premium_90_gramos_/ALI-90TR,/producto/Alimento_tropical_premium_90_gramos_/ALI-90TR,producto_legacy,200,"text/html; charset=UTF-8","Producto - Alimento_tropical_premium_90_gramos_",crawl
https://artiani.com.mx/producto/Antiacaros-eri-clean-para-erizo-/ANAC-01,/producto/Antiacaros-eri-clean-para-erizo-/ANAC-01,producto_legacy,200,"text/html; charset=UTF-8","Producto - Antiacaros eri clean para erizo",crawl
https://artiani.com.mx/producto/Arenero-italiano-gris-/ARO-11G,/producto/Arenero-italiano-gris-/ARO-11G,producto_legacy,200,"text/html; charset=UTF-8","Producto - Arenero italiano gris",crawl
https://artiani.com.mx/producto/Arenero-marco-plus-grande-/ARO-15,/producto/Arenero-marco-plus-grande-/ARO-15,producto_legacy,200,"text/html; charset=UTF-8","Producto - Arenero marco plus grande",crawl
https://artiani.com.mx/producto/Arenero-plus-azul-/ARO-12,/producto/Arenero-plus-azul-/ARO-12,producto_legacy,200,"text/html; charset=UTF-8","Producto - Arenero plus azul",crawl
https://artiani.com.mx/producto/Arenero-tapado-verde-/ARO-07,/producto/Arenero-tapado-verde-/ARO-07,producto_legacy,200,"text/html; charset=UTF-8","Producto - Arenero tapado verde",crawl
https://artiani.com.mx/producto/Atrayente-para-cachorros-/ATRA-01,/producto/Atrayente-para-cachorros-/ATRA-01,producto_legacy,200,"text/html; charset=UTF-8","Producto - Atrayente para cachorros",crawl
https://artiani.com.mx/producto/Azul-de-metileno-60-ml-/AZUL-02,/producto/Azul-de-metileno-60-ml-/AZUL-02,producto_legacy,200,"text/html; charset=UTF-8","Producto - Azul de metileno 60 ml",crawl
https://artiani.com.mx/producto/Banera-casa-para-hamster-verde-/TINA-02H,/producto/Banera-casa-para-hamster-verde-/TINA-02H,producto_legacy,200,"text/html; charset=UTF-8","Producto - Banera casa para hamster verde",crawl
https://artiani.com.mx/producto/Base-panoramica-5-patas-50cm/BASP-05,/producto/Base-panoramica-5-patas-50cm/BASP-05,producto_legacy,200,"text/html; charset=UTF-8","Producto - Base panoramica 5 patas 50cm",crawl
https://artiani.com.mx/producto/Base-rectangular-de-herreria-para-pecera-60-x-30-cm/BASR-03,/producto/Base-rectangular-de-herreria-para-pecera-60-x-30-cm/BASR-03,producto_legacy,200,"text/html; charset=UTF-8","Producto - Base rectangular de herreria para pecera 60 x 30 cm",crawl
https://artiani.com.mx/producto/Base-rectangular-de-herreria-para-pecera-de-120-x-30cm/BASR-04,/producto/Base-rectangular-de-herreria-para-pecera-de-120-x-30cm/BASR-04,producto_legacy,200,"text/html; charset=UTF-8","Producto - Base rectangular de herreria para pecera de 120 x 30cm",crawl
https://artiani.com.mx/producto/Base-rectangular-de-herreria-para-pecera-de-50-x-26-cm/BASR-02,/producto/Base-rectangular-de-herreria-para-pecera-de-50-x-26-cm/BASR-02,producto_legacy,200,"text/html; charset=UTF-8","Producto - Base rectangular de herreria para pecera de 50 x 26 cm",crawl
https://artiani.com.mx/producto/Bebedero-colores/DIS-B01,/producto/Bebedero-colores/DIS-B01,producto_legacy,200,"text/html; charset=UTF-8","Producto - Bebedero colores",crawl
https://artiani.com.mx/producto/Bebedero-para-colibri-con-nectar-/COLINEC-01,/producto/Bebedero-para-colibri-con-nectar-/COLINEC-01,producto_legacy,200,"text/html; charset=UTF-8","Producto - Bebedero para colibri con nectar",crawl
https://artiani.com.mx/producto/Bebedero-para-colibri-rojo-4-flores/COLI-01,/producto/Bebedero-para-colibri-rojo-4-flores/COLI-01,producto_legacy,200,"text/html; charset=UTF-8","Producto - Bebedero para colibri rojo 4 flores",crawl
https://artiani.com.mx/producto/Bebedero-para-hamster-60-ml/BDRO-01,/producto/Bebedero-para-hamster-60-ml/BDRO-01,producto_legacy,200,"text/html; charset=UTF-8","Producto - Bebedero para hamster 60 ml",crawl
https://artiani.com.mx/producto/Bebedero_para_perro_elegant_/DIS-04,/producto/Bebedero_para_perro_elegant_/DIS-04,producto_legacy,200,"text/html; charset=UTF-8","Producto - Bebedero_para_perro_elegant_",crawl
https://artiani.com.mx/producto/Bebedero_perros_o_gatos_3.8_litros/DIS-B02,/producto/Bebedero_perros_o_gatos_3.8_litros/DIS-B02,producto_legacy,200,"text/html; charset=UTF-8","Producto - Bebedero_perros_o_gatos_3.8_litros",crawl
https://artiani.com.mx/producto/Bomba-de-aire-1-salida-/AIR-01,/producto/Bomba-de-aire-1-salida-/AIR-01,producto_legacy,200,"text/html; charset=UTF-8","Producto - Bomba de aire 1 salida",crawl
https://artiani.com.mx/producto/Bomba-sumergible-1.2-m-/BS-120,/producto/Bomba-sumergible-1.2-m-/BS-120,producto_legacy,200,"text/html; charset=UTF-8","Producto - Bomba sumergible 1.2 m",crawl
https://artiani.com.mx/producto/Bomba-sumergible-3.2-m-/BS-320,/producto/Bomba-sumergible-3.2-m-/BS-320,producto_legacy,200,"text/html; charset=UTF-8","Producto - Bomba sumergible 3.2 m",crawl
https://artiani.com.mx/producto/Bomba-sumergible-3.5-/BS-350,/producto/Bomba-sumergible-3.5-/BS-350,producto_legacy,200,"text/html; charset=UTF-8","Producto - Bomba sumergible 3.5",crawl
https://artiani.com.mx/producto/Bomba-sumergible-4-m-/BS-400,/producto/Bomba-sumergible-4-m-/BS-400,producto_legacy,200,"text/html; charset=UTF-8","Producto - Bomba sumergible 4 m",crawl
https://artiani.com.mx/producto/Calentador-(termostato)-300-watts/CAL-S06,/producto/Calentador-(termostato)-300-watts/CAL-S06,producto_legacy,200,"text/html; charset=UTF-8","Producto - Calentador (termostato) 300 watts",crawl
https://artiani.com.mx/producto/Calentador-(termostato)-eco-25w/CAL-01,/producto/Calentador-(termostato)-eco-25w/CAL-01,producto_legacy,200,"text/html; charset=UTF-8","Producto - Calentador (termostato) eco 25w",crawl
https://artiani.com.mx/producto/Calentador-(termostato)-eco-50w/CAL-03,/producto/Calentador-(termostato)-eco-50w/CAL-03,producto_legacy,200,"text/html; charset=UTF-8","Producto - Calentador (termostato) eco 50w",crawl
https://artiani.com.mx/producto/Calentador-fijo-mini-35w/TER-01,/producto/Calentador-fijo-mini-35w/TER-01,producto_legacy,200,"text/html; charset=UTF-8","Producto - Calentador fijo mini 35w",crawl
https://artiani.com.mx/producto/Cama_antiestres_chica_para_mascotas/CAMC-01,/producto/Cama_antiestres_chica_para_mascotas/CAMC-01,producto_legacy,200,"text/html; charset=UTF-8","Producto - Cama_antiestres_chica_para_mascotas",crawl
https://artiani.com.mx/producto/Cama_antiestres_chica_para_mascotas/CAMC-02,/producto/Cama_antiestres_chica_para_mascotas/CAMC-02,producto_legacy,200,"text/html; charset=UTF-8","Producto - Cama_antiestres_chica_para_mascotas",crawl
https://artiani.com.mx/producto/Cama_antiestres_chica_para_mascotas/empty-cart.html,/producto/Cama_antiestres_chica_para_mascotas/empty-cart.html,producto_legacy,200,"text/html; charset=UTF-8","Producto - Cama_antiestres_chica_para_mascotas",crawl
https://artiani.com.mx/producto/Cama_antiestres_chica_para_mascotas/index-skin-base-ball.html,/producto/Cama_antiestres_chica_para_mascotas/index-skin-base-ball.html,producto_legacy,200,"text/html; charset=UTF-8","Producto - Cama_antiestres_chica_para_mascotas",crawl
https://artiani.com.mx/producto/Cama_antiestres_chica_para_mascotas/index-skin-football.html,/producto/Cama_antiestres_chica_para_mascotas/index-skin-football.html,producto_legacy,200,"text/html; charset=UTF-8","Producto - Cama_antiestres_chica_para_mascotas",crawl
https://artiani.com.mx/producto/Cama_antiestres_chica_para_mascotas/index-skin-snowboards.html,/producto/Cama_antiestres_chica_para_mascotas/index-skin-snowboards.html,producto_legacy,200,"text/html; charset=UTF-8","Producto - Cama_antiestres_chica_para_mascotas",crawl
https://artiani.com.mx/producto/Cama_antiestres_chica_para_mascotas/index.html,/producto/Cama_antiestres_chica_para_mascotas/index.html,producto_legacy,200,"text/html; charset=UTF-8","Producto - Cama_antiestres_chica_para_mascotas",crawl
https://artiani.com.mx/producto/Cama_antiestres_chica_para_mascotas/listing-left-column.html,/producto/Cama_antiestres_chica_para_mascotas/listing-left-column.html,producto_legacy,200,"text/html; charset=UTF-8","Producto - Cama_antiestres_chica_para_mascotas",crawl
https://artiani.com.mx/producto/Cama_antiestres_chica_para_mascotas/product.html,/producto/Cama_antiestres_chica_para_mascotas/product.html,producto_legacy,200,"text/html; charset=UTF-8","Producto - Cama_antiestres_chica_para_mascotas",crawl
https://artiani.com.mx/producto/Cama_antiestres_chica_para_mascotas_/CAMC-04,/producto/Cama_antiestres_chica_para_mascotas_/CAMC-04,producto_legacy,200,"text/html; charset=UTF-8","Producto - Cama_antiestres_chica_para_mascotas_",crawl
https://artiani.com.mx/producto/Cama_antiestres_chica_para_mascotas_/empty-cart.html,/producto/Cama_antiestres_chica_para_mascotas_/empty-cart.html,producto_legacy,200,"text/html; charset=UTF-8","Producto - Cama_antiestres_chica_para_mascotas_",crawl
https://artiani.com.mx/producto/Cama_antiestres_chica_para_mascotas_/index-skin-base-ball.html,/producto/Cama_antiestres_chica_para_mascotas_/index-skin-base-ball.html,producto_legacy,200,"text/html; charset=UTF-8","Producto - Cama_antiestres_chica_para_mascotas_",crawl
https://artiani.com.mx/producto/Cama_antiestres_chica_para_mascotas_/index-skin-football.html,/producto/Cama_antiestres_chica_para_mascotas_/index-skin-football.html,producto_legacy,200,"text/html; charset=UTF-8","Producto - Cama_antiestres_chica_para_mascotas_",crawl
https://artiani.com.mx/producto/Cama_antiestres_chica_para_mascotas_/index-skin-snowboards.html,/producto/Cama_antiestres_chica_para_mascotas_/index-skin-snowboards.html,producto_legacy,200,"text/html; charset=UTF-8","Producto - Cama_antiestres_chica_para_mascotas_",crawl
https://artiani.com.mx/producto/Cama_antiestres_chica_para_mascotas_/index.html,/producto/Cama_antiestres_chica_para_mascotas_/index.html,producto_legacy,200,"text/html; charset=UTF-8","Producto - Cama_antiestres_chica_para_mascotas_",crawl
https://artiani.com.mx/producto/Cama_antiestres_chica_para_mascotas_/listing-left-column.html,/producto/Cama_antiestres_chica_para_mascotas_/listing-left-column.html,producto_legacy,200,"text/html; charset=UTF-8","Producto - Cama_antiestres_chica_para_mascotas_",crawl
https://artiani.com.mx/producto/Cama_antiestres_chica_para_mascotas_/product.html,/producto/Cama_antiestres_chica_para_mascotas_/product.html,producto_legacy,200,"text/html; charset=UTF-8","Producto - Cama_antiestres_chica_para_mascotas_",crawl
https://artiani.com.mx/producto/Cama_antiestres_mediana_para_perros_y_gatos/CAMM-07,/producto/Cama_antiestres_mediana_para_perros_y_gatos/CAMM-07,producto_legacy,200,"text/html; charset=UTF-8","Producto - Cama_antiestres_mediana_para_perros_y_gatos",crawl
https://artiani.com.mx/producto/Cama_antiestres_mediana_para_perros_y_gatos/empty-cart.html,/producto/Cama_antiestres_mediana_para_perros_y_gatos/empty-cart.html,producto_legacy,200,"text/html; charset=UTF-8","Producto - Cama_antiestres_mediana_para_perros_y_gatos",crawl
https://artiani.com.mx/producto/Cama_antiestres_mediana_para_perros_y_gatos/index-skin-base-ball.html,/producto/Cama_antiestres_mediana_para_perros_y_gatos/index-skin-base-ball.html,producto_legacy,200,"text/html; charset=UTF-8","Producto - Cama_antiestres_mediana_para_perros_y_gatos",crawl
https://artiani.com.mx/producto/Cama_antiestres_mediana_para_perros_y_gatos/index-skin-football.html,/producto/Cama_antiestres_mediana_para_perros_y_gatos/index-skin-football.html,producto_legacy,200,"text/html; charset=UTF-8","Producto - Cama_antiestres_mediana_para_perros_y_gatos",crawl
https://artiani.com.mx/producto/Cama_antiestres_mediana_para_perros_y_gatos/index-skin-snowboards.html,/producto/Cama_antiestres_mediana_para_perros_y_gatos/index-skin-snowboards.html,producto_legacy,200,"text/html; charset=UTF-8","Producto - Cama_antiestres_mediana_para_perros_y_gatos",crawl
https://artiani.com.mx/producto/Cama_antiestres_mediana_para_perros_y_gatos/index.html,/producto/Cama_antiestres_mediana_para_perros_y_gatos/index.html,producto_legacy,200,"text/html; charset=UTF-8","Producto - Cama_antiestres_mediana_para_perros_y_gatos",crawl
https://artiani.com.mx/producto/Cama_antiestres_mediana_para_perros_y_gatos/listing-left-column.html,/producto/Cama_antiestres_mediana_para_perros_y_gatos/listing-left-column.html,producto_legacy,200,"text/html; charset=UTF-8","Producto - Cama_antiestres_mediana_para_perros_y_gatos",crawl
https://artiani.com.mx/producto/Cama_antiestres_mediana_para_perros_y_gatos/product.html,/producto/Cama_antiestres_mediana_para_perros_y_gatos/product.html,producto_legacy,200,"text/html; charset=UTF-8","Producto - Cama_antiestres_mediana_para_perros_y_gatos",crawl
https://artiani.com.mx/producto/Canutillos_anillos_de_ceramica_/CANC-01,/producto/Canutillos_anillos_de_ceramica_/CANC-01,producto_legacy,200,"text/html; charset=UTF-8","Producto - Canutillos_anillos_de_ceramica_",crawl
https://artiani.com.mx/producto/Carda-de-goma-almo/CAR-03,/producto/Carda-de-goma-almo/CAR-03,producto_legacy,200,"text/html; charset=UTF-8","Producto - Carda de goma almo",crawl
https://artiani.com.mx/producto/Carda-de-goma-cepi/CAR-04,/producto/Carda-de-goma-cepi/CAR-04,producto_legacy,200,"text/html; charset=UTF-8","Producto - Carda de goma cepi",crawl
https://artiani.com.mx/producto/Carda-de-goma-para-mascotas-/CAR-02,/producto/Carda-de-goma-para-mascotas-/CAR-02,producto_legacy,200,"text/html; charset=UTF-8","Producto - Carda de goma para mascotas",crawl
https://artiani.com.mx/producto/Carda-puntas-cubiertas-mediana-/CAR-06,/producto/Carda-puntas-cubiertas-mediana-/CAR-06,producto_legacy,200,"text/html; charset=UTF-8","Producto - Carda puntas cubiertas mediana",crawl
https://artiani.com.mx/producto/Carda-puntas-cubiertas-mini/CAR-07,/producto/Carda-puntas-cubiertas-mini/CAR-07,producto_legacy,200,"text/html; charset=UTF-8","Producto - Carda puntas cubiertas mini",crawl
https://artiani.com.mx/producto/Carda-roja-chica-para-mascotas-/CAR-01,/producto/Carda-roja-chica-para-mascotas-/CAR-01,producto_legacy,200,"text/html; charset=UTF-8","Producto - Carda roja chica para mascotas",crawl
https://artiani.com.mx/producto/Casa-foggy-mediana-para-perros-/CASI-03,/producto/Casa-foggy-mediana-para-perros-/CASI-03,producto_legacy,200,"text/html; charset=UTF-8","Producto - Casa foggy mediana para perros",crawl
https://artiani.com.mx/producto/Casa-inova-chica-roja-/CASI-02,/producto/Casa-inova-chica-roja-/CASI-02,producto_legacy,200,"text/html; charset=UTF-8","Producto - Casa inova chica roja",crawl
https://artiani.com.mx/producto/Casa-inova-extra-chica-azul-/CAS-04,/producto/Casa-inova-extra-chica-azul-/CAS-04,producto_legacy,200,"text/html; charset=UTF-8","Producto - Casa inova extra chica azul",crawl
https://artiani.com.mx/producto/Casa-o-arenero-residencial-/CAS-02,/producto/Casa-o-arenero-residencial-/CAS-02,producto_legacy,200,"text/html; charset=UTF-8","Producto - Casa o arenero residencial",crawl
https://artiani.com.mx/producto/Catnip-menta-para-gatos/CAT-02,/producto/Catnip-menta-para-gatos/CAT-02,producto_legacy,200,"text/html; charset=UTF-8","Producto - Catnip menta para gatos",crawl
https://artiani.com.mx/producto/Cepillo-de-limpieza-/CEP-01,/producto/Cepillo-de-limpieza-/CEP-01,producto_legacy,200,"text/html; charset=UTF-8","Producto - Cepillo de limpieza",crawl
https://artiani.com.mx/producto/Comedero-para-perro-elegant-/DIS-04,/producto/Comedero-para-perro-elegant-/DIS-04,producto_legacy,200,"text/html; charset=UTF-8","Producto - Comedero para perro elegant",crawl
https://artiani.com.mx/producto/Comedero-para-reptil-chico/TA-02,/producto/Comedero-para-reptil-chico/TA-02,producto_legacy,200,"text/html; charset=UTF-8","Producto - Comedero para reptil chico",crawl
https://artiani.com.mx/producto/Comedero-para-reptil-mediano/TA-01,/producto/Comedero-para-reptil-mediano/TA-01,producto_legacy,200,"text/html; charset=UTF-8","Producto - Comedero para reptil mediano",crawl
https://artiani.com.mx/producto/Conejina-alimento-agranel-/CONEJINA-40KG,/producto/Conejina-alimento-agranel-/CONEJINA-40KG,producto_legacy,200,"text/html; charset=UTF-8","Producto - Conejina alimento agranel",crawl
https://artiani.com.mx/producto/Cristalize-aclarador-de-agua-para-acuarios/CRYS-30,/producto/Cristalize-aclarador-de-agua-para-acuarios/CRYS-30,producto_legacy,200,"text/html; charset=UTF-8","Producto - Cristalize aclarador de agua para acuarios",crawl
https://artiani.com.mx/producto/Croqueta-para-gato-kitten-nupec-1.5kg/KINU-02,/producto/Croqueta-para-gato-kitten-nupec-1.5kg/KINU-02,producto_legacy,200,"text/html; charset=UTF-8","Producto - Croqueta para gato kitten nupec 1.5kg",crawl
https://artiani.com.mx/producto/Dental-kit-para-perros/DEN-01,/producto/Dental-kit-para-perros/DEN-01,producto_legacy,200,"text/html; charset=UTF-8","Producto - Dental kit para perros",crawl
https://artiani.com.mx/producto/Esquinero-bano-rectagular--blanco/CON-01,/producto/Esquinero-bano-rectagular--blanco/CON-01,producto_legacy,200,"text/html; charset=UTF-8","Producto - Esquinero bano rectagular blanco",crawl
https://artiani.com.mx/producto/Esquinero-bano-rectangular-/CON-01A,/producto/Esquinero-bano-rectangular-/CON-01A,producto_legacy,200,"text/html; charset=UTF-8","Producto - Esquinero bano rectangular",crawl
https://artiani.com.mx/producto/Extracto-de-catnip-en-spray-para-gatos-/CAT-03,/producto/Extracto-de-catnip-en-spray-para-gatos-/CAT-03,producto_legacy,200,"text/html; charset=UTF-8","Producto - Extracto de catnip en spray para gatos",crawl
https://artiani.com.mx/producto/Filtro-Cascada-100/FILCC-04,/producto/Filtro-Cascada-100/FILCC-04,producto_legacy,200,"text/html; charset=UTF-8","Producto - Filtro Cascada 100",crawl
https://artiani.com.mx/producto/Filtro-Cascada-300/FILCC-05,/producto/Filtro-Cascada-300/FILCC-05,producto_legacy,200,"text/html; charset=UTF-8","Producto - Filtro Cascada 300",crawl
https://artiani.com.mx/producto/Foco-UVB-13w-desierto/FLOR-11,/producto/Foco-UVB-13w-desierto/FLOR-11,producto_legacy,200,"text/html; charset=UTF-8","Producto - Foco UVB 13w desierto",crawl
https://artiani.com.mx/producto/Foco-de-dia-para-reptil-150w-/FLOR-05,/producto/Foco-de-dia-para-reptil-150w-/FLOR-05,producto_legacy,200,"text/html; charset=UTF-8","Producto - Foco de dia para reptil 150w",crawl
https://artiani.com.mx/producto/Foco-de-dia-para-reptil-60w/FOR-01,/producto/Foco-de-dia-para-reptil-60w/FOR-01,producto_legacy,200,"text/html; charset=UTF-8","Producto - Foco de dia para reptil 60w",crawl
https://artiani.com.mx/producto/Foco-de-noche-para-reptil-75w-/FLOR-06,/producto/Foco-de-noche-para-reptil-75w-/FLOR-06,producto_legacy,200,"text/html; charset=UTF-8","Producto - Foco de noche para reptil 75w",crawl
https://artiani.com.mx/producto/Grava-negra-por-costal-/GRA-05,/producto/Grava-negra-por-costal-/GRA-05,producto_legacy,200,"text/html; charset=UTF-8","Producto - Grava negra por costal",crawl
https://artiani.com.mx/producto/Grava-roja-para-acuario-por-costal/GRA-02,/producto/Grava-roja-para-acuario-por-costal/GRA-02,producto_legacy,200,"text/html; charset=UTF-8","Producto - Grava roja para acuario por costal",crawl
https://artiani.com.mx/producto/Grillo-por-millar-a-granel-/GRI-01,/producto/Grillo-por-millar-a-granel-/GRI-01,producto_legacy,200,"text/html; charset=UTF-8","Producto - Grillo por millar a granel",crawl
https://artiani.com.mx/producto/Isla-para-tortuguero-circular/ISLA-01,/producto/Isla-para-tortuguero-circular/ISLA-01,producto_legacy,200,"text/html; charset=UTF-8","Producto - Isla para tortuguero circular",crawl
https://artiani.com.mx/producto/Isla-para-tortuguero-rampa/ISLA-02,/producto/Isla-para-tortuguero-rampa/ISLA-02,producto_legacy,200,"text/html; charset=UTF-8","Producto - Isla para tortuguero rampa",crawl
https://artiani.com.mx/producto/Jaula-baral-amarilla--para-pajaro/JARO-02AM,/producto/Jaula-baral-amarilla--para-pajaro/JARO-02AM,producto_legacy,200,"text/html; charset=UTF-8","Producto - Jaula baral amarilla para pajaro",crawl
https://artiani.com.mx/producto/Jaula-baral-verde-para-pajaro/JARO-02VE,/producto/Jaula-baral-verde-para-pajaro/JARO-02VE,producto_legacy,200,"text/html; charset=UTF-8","Producto - Jaula baral verde para pajaro",crawl
https://artiani.com.mx/producto/Jaula-de-hamster-lux-verde-/JHA-05VE,/producto/Jaula-de-hamster-lux-verde-/JHA-05VE,producto_legacy,200,"text/html; charset=UTF-8","Producto - Jaula de hamster lux verde",crawl
https://artiani.com.mx/producto/Jaula-hamster-con-tubos-57-x-31-x-29-cm-/JHA-15,/producto/Jaula-hamster-con-tubos-57-x-31-x-29-cm-/JHA-15,producto_legacy,200,"text/html; charset=UTF-8","Producto - Jaula hamster con tubos 57 x 31 x 29 cm",crawl
https://artiani.com.mx/producto/Jaula-hamster-residencial-amarilla/JHA-26,/producto/Jaula-hamster-residencial-amarilla/JHA-26,producto_legacy,200,"text/html; charset=UTF-8","Producto - Jaula hamster residencial amarilla",crawl
https://artiani.com.mx/producto/Jaula-hamster-residencial-azul/JHA-25,/producto/Jaula-hamster-residencial-azul/JHA-25,producto_legacy,200,"text/html; charset=UTF-8","Producto - Jaula hamster residencial azul",crawl
https://artiani.com.mx/producto/Jaula-metalica-plegable-con-division--121-x-75-x-86-cm-/JAM-03,/producto/Jaula-metalica-plegable-con-division--121-x-75-x-86-cm-/JAM-03,producto_legacy,200,"text/html; charset=UTF-8","Producto - Jaula metalica plegable con division 121 x 75 x 86 cm",crawl
https://artiani.com.mx/producto/Jaula-metalica-plegable-con-division-63-x-44-x-50-cm/JAM-01,/producto/Jaula-metalica-plegable-con-division-63-x-44-x-50-cm/JAM-01,producto_legacy,200,"text/html; charset=UTF-8","Producto - Jaula metalica plegable con division 63 x 44 x 50 cm",crawl
https://artiani.com.mx/producto/Jaula-metalica-plegable-con-division-92-x-56.5-x-66-cm/JAM-02,/producto/Jaula-metalica-plegable-con-division-92-x-56.5-x-66-cm/JAM-02,producto_legacy,200,"text/html; charset=UTF-8","Producto - Jaula metalica plegable con division 92 x 56.5 x 66 cm",crawl
https://artiani.com.mx/producto/Jaula-mini-casa-azul-para-pajaro/JARO-06AZ,/producto/Jaula-mini-casa-azul-para-pajaro/JARO-06AZ,producto_legacy,200,"text/html; charset=UTF-8","Producto - Jaula mini casa azul para pajaro",crawl
https://artiani.com.mx/producto/Jaula-mini-casa-verde-para-pajaro/JARO-06VE,/producto/Jaula-mini-casa-verde-para-pajaro/JARO-06VE,producto_legacy,200,"text/html; charset=UTF-8","Producto - Jaula mini casa verde para pajaro",crawl
https://artiani.com.mx/producto/Jaula-para-mamifero-3-niveles/JCO-07,/producto/Jaula-para-mamifero-3-niveles/JCO-07,producto_legacy,200,"text/html; charset=UTF-8","Producto - Jaula para mamifero 3 niveles",crawl
https://artiani.com.mx/producto/Jaula-para-mamifero-decan-rosa-/JCO-04R,/producto/Jaula-para-mamifero-decan-rosa-/JCO-04R,producto_legacy,200,"text/html; charset=UTF-8","Producto - Jaula para mamifero decan rosa",crawl
https://artiani.com.mx/producto/Jaula-para-mamifero-decan-verde-/JCO-04V,/producto/Jaula-para-mamifero-decan-verde-/JCO-04V,producto_legacy,200,"text/html; charset=UTF-8","Producto - Jaula para mamifero decan verde",crawl
https://artiani.com.mx/producto/Jaula-para-mamifero-decan/JCO-04,/producto/Jaula-para-mamifero-decan/JCO-04,producto_legacy,200,"text/html; charset=UTF-8","Producto - Jaula para mamifero decan",crawl
https://artiani.com.mx/producto/Jaula-para-mamifero-despar/JCO-01,/producto/Jaula-para-mamifero-despar/JCO-01,producto_legacy,200,"text/html; charset=UTF-8","Producto - Jaula para mamifero despar",crawl
https://artiani.com.mx/producto/Jaula-plegable-con-charola-/JAM-05,/producto/Jaula-plegable-con-charola-/JAM-05,producto_legacy,200,"text/html; charset=UTF-8","Producto - Jaula plegable con charola",crawl
https://artiani.com.mx/producto/Juguete-cana-de-pescar-verde/JUGG-04,/producto/Juguete-cana-de-pescar-verde/JUGG-04,producto_legacy,200,"text/html; charset=UTF-8","Producto - Juguete cana de pescar verde",crawl
https://artiani.com.mx/producto/Juguete-para-aves-calcio-mediano/JUP-03,/producto/Juguete-para-aves-calcio-mediano/JUP-03,producto_legacy,200,"text/html; charset=UTF-8","Producto - Juguete para aves calcio mediano",crawl
https://artiani.com.mx/producto/Juguete-para-aves-calcio-sencillo-/JUP-01,/producto/Juguete-para-aves-calcio-sencillo-/JUP-01,producto_legacy,200,"text/html; charset=UTF-8","Producto - Juguete para aves calcio sencillo",crawl
https://artiani.com.mx/producto/Juguete-pelota-con-sonido-sonaja-para-gato-/JUGG-03,/producto/Juguete-pelota-con-sonido-sonaja-para-gato-/JUGG-03,producto_legacy,200,"text/html; charset=UTF-8","Producto - Juguete pelota con sonido sonaja para gato",crawl
https://artiani.com.mx/producto/Juguete-pelota-de-goma-para-gato-/JUGG-01,/producto/Juguete-pelota-de-goma-para-gato-/JUGG-01,producto_legacy,200,"text/html; charset=UTF-8","Producto - Juguete pelota de goma para gato",crawl
https://artiani.com.mx/producto/Juguete-pelota-de-tenis-chica-/JUG-07,/producto/Juguete-pelota-de-tenis-chica-/JUG-07,producto_legacy,200,"text/html; charset=UTF-8","Producto - Juguete pelota de tenis chica",crawl
https://artiani.com.mx/producto/Juguete-scruch-papas-para-perro/JUG-19,/producto/Juguete-scruch-papas-para-perro/JUG-19,producto_legacy,200,"text/html; charset=UTF-8","Producto - Juguete scruch papas para perro",crawl
https://artiani.com.mx/producto/Juguete-scrunch-fuego-para-perro/JUG-16,/producto/Juguete-scrunch-fuego-para-perro/JUG-16,producto_legacy,200,"text/html; charset=UTF-8","Producto - Juguete scrunch fuego para perro",crawl
https://artiani.com.mx/producto/Juguete-scrunch-queso-para-perro/JUG-10,/producto/Juguete-scrunch-queso-para-perro/JUG-10,producto_legacy,200,"text/html; charset=UTF-8","Producto - Juguete scrunch queso para perro",crawl
https://artiani.com.mx/producto/Juguete_para_aves_calcio_triple_/JUP-02,/producto/Juguete_para_aves_calcio_triple_/JUP-02,producto_legacy,200,"text/html; charset=UTF-8","Producto - Juguete_para_aves_calcio_triple_",crawl
https://artiani.com.mx/producto/Lampara-nano-led-con-clip/LANO-01,/producto/Lampara-nano-led-con-clip/LANO-01,producto_legacy,200,"text/html; charset=UTF-8","Producto - Lampara nano led con clip",crawl
https://artiani.com.mx/producto/Lampara-panoramica-50-x-35-cm-/LAMP-TP02,/producto/Lampara-panoramica-50-x-35-cm-/LAMP-TP02,producto_legacy,200,"text/html; charset=UTF-8","Producto - Lampara panoramica 50 x 35 cm",crawl
https://artiani.com.mx/producto/Lampara-rectangular-con-tapa-50-x-26-cm/LAM-TR01,/producto/Lampara-rectangular-con-tapa-50-x-26-cm/LAM-TR01,producto_legacy,200,"text/html; charset=UTF-8","Producto - Lampara rectangular con tapa 50 x 26 cm",crawl
https://artiani.com.mx/producto/Lampara-rectangular-de-tapa-50-x-26-cm-/LAM-TR02,/producto/Lampara-rectangular-de-tapa-50-x-26-cm-/LAM-TR02,producto_legacy,200,"text/html; charset=UTF-8","Producto - Lampara rectangular de tapa 50 x 26 cm",crawl
https://artiani.com.mx/producto/Larva-de-mosca-soldado/ALIL-01,/producto/Larva-de-mosca-soldado/ALIL-01,producto_legacy,200,"text/html; charset=UTF-8","Producto - Larva de mosca soldado",crawl
https://artiani.com.mx/producto/Leche-para-cachorrros-/LECH-01,/producto/Leche-para-cachorrros-/LECH-01,producto_legacy,200,"text/html; charset=UTF-8","Producto - Leche para cachorrros",crawl
https://artiani.com.mx/producto/Mascotera-transportadora-extragrande-/MAS-05,/producto/Mascotera-transportadora-extragrande-/MAS-05,producto_legacy,200,"text/html; charset=UTF-8","Producto - Mascotera transportadora extragrande",crawl
https://artiani.com.mx/producto/Mascotera-transportadora-grande/MAS-04,/producto/Mascotera-transportadora-grande/MAS-04,producto_legacy,200,"text/html; charset=UTF-8","Producto - Mascotera transportadora grande",crawl
https://artiani.com.mx/producto/Mochila-liberty-para-mascotas/MOC-02,/producto/Mochila-liberty-para-mascotas/MOC-02,producto_legacy,200,"text/html; charset=UTF-8","Producto - Mochila liberty para mascotas",crawl
https://artiani.com.mx/producto/Mochila-transportadora-transparente-azul-rey/MOC-01AZ,/producto/Mochila-transportadora-transparente-azul-rey/MOC-01AZ,producto_legacy,200,"text/html; charset=UTF-8","Producto - Mochila transportadora transparente azul rey",crawl
https://artiani.com.mx/producto/Mochila-transportadora-transparente-gris/MOC-01GR,/producto/Mochila-transportadora-transparente-gris/MOC-01GR,producto_legacy,200,"text/html; charset=UTF-8","Producto - Mochila transportadora transparente gris",crawl
https://artiani.com.mx/producto/Mochila-transportadora-transparente-negra/MOC-01NE,/producto/Mochila-transportadora-transparente-negra/MOC-01NE,producto_legacy,200,"text/html; charset=UTF-8","Producto - Mochila transportadora transparente negra",crawl
https://artiani.com.mx/producto/Nectar-para-colibri-chico/NEC-01,/producto/Nectar-para-colibri-chico/NEC-01,producto_legacy,200,"text/html; charset=UTF-8","Producto - Nectar para colibri chico",crawl
https://artiani.com.mx/producto/Nectar-para-colibri-polvo-/NEC-02,/producto/Nectar-para-colibri-polvo-/NEC-02,producto_legacy,200,"text/html; charset=UTF-8","Producto - Nectar para colibri polvo",crawl
https://artiani.com.mx/producto/Neutralizador-de-olores-para-areneros-/NEU-01,/producto/Neutralizador-de-olores-para-areneros-/NEU-01,producto_legacy,200,"text/html; charset=UTF-8","Producto - Neutralizador de olores para areneros",crawl
https://artiani.com.mx/producto/Nupec-Croqueta-Costal-Adulto-Nutricion-Canina-Cientifica-2-kg/NUDE-01,/producto/Nupec-Croqueta-Costal-Adulto-Nutricion-Canina-Cientifica-2-kg/NUDE-01,producto_legacy,200,"text/html; charset=UTF-8","Producto - Nupec Croqueta Costal Adulto Nutricion Canina Cientifica 2 kg",crawl
https://artiani.com.mx/producto/Nupec-Croqueta-Costal-Adulto-Nutricion-Canina-Cientifica-20-kg/NUDE-03,/producto/Nupec-Croqueta-Costal-Adulto-Nutricion-Canina-Cientifica-20-kg/NUDE-03,producto_legacy,200,"text/html; charset=UTF-8","Producto - Nupec Croqueta Costal Adulto Nutricion Canina Cientifica 20 kg",crawl
https://artiani.com.mx/producto/Nupec-Croqueta-Costal-Adulto-Nutricion-Canina-Cientifica-8-kg/NUDE-02,/producto/Nupec-Croqueta-Costal-Adulto-Nutricion-Canina-Cientifica-8-kg/NUDE-02,producto_legacy,200,"text/html; charset=UTF-8","Producto - Nupec Croqueta Costal Adulto Nutricion Canina Cientifica 8 kg",crawl
https://artiani.com.mx/producto/Palo-de-plastico-para-jualas-de-aves-mediano-/PAL-02,/producto/Palo-de-plastico-para-jualas-de-aves-mediano-/PAL-02,producto_legacy,200,"text/html; charset=UTF-8","Producto - Palo de plastico para jualas de aves mediano",crawl
https://artiani.com.mx/producto/Pasto-para-gatos-en-cajita-/PAS-01,/producto/Pasto-para-gatos-en-cajita-/PAS-01,producto_legacy,200,"text/html; charset=UTF-8","Producto - Pasto para gatos en cajita",crawl
https://artiani.com.mx/producto/Pecera-imen-con-mueble-con-marcos-aleman-/PERM-01,/producto/Pecera-imen-con-mueble-con-marcos-aleman-/PERM-01,producto_legacy,200,"text/html; charset=UTF-8","Producto - Pecera imen con mueble con marcos aleman",crawl
https://artiani.com.mx/producto/Pecera-panoramica-250-litros-/PEP-05,/producto/Pecera-panoramica-250-litros-/PEP-05,producto_legacy,200,"text/html; charset=UTF-8","Producto - Pecera panoramica 250 litros",crawl
https://artiani.com.mx/producto/Pecera-panoramica-52-x-37-x-60-cm-altura-100-litros-6-mm/PERA-P5060,/producto/Pecera-panoramica-52-x-37-x-60-cm-altura-100-litros-6-mm/PERA-P5060,producto_legacy,200,"text/html; charset=UTF-8","Producto - Pecera panoramica 52 x 37 x 60 cm altura 100 litros 6 mm",crawl
https://artiani.com.mx/producto/Pecera-rectangular-102.5-x-26-x-50-cm-altura-130-litros-6-mm/PERA-10050,/producto/Pecera-rectangular-102.5-x-26-x-50-cm-altura-130-litros-6-mm/PERA-10050,producto_legacy,200,"text/html; charset=UTF-8","Producto - Pecera rectangular 102.5 x 26 x 50 cm altura 130 litros 6 mm",crawl
https://artiani.com.mx/producto/Pecera-rectangular-2lts-equipo-basico/PERE-01,/producto/Pecera-rectangular-2lts-equipo-basico/PERE-01,producto_legacy,200,"text/html; charset=UTF-8","Producto - Pecera rectangular 2lts equipo basico",crawl
https://artiani.com.mx/producto/Pecera-rectangular-equipada-4-litros/PERE-02,/producto/Pecera-rectangular-equipada-4-litros/PERE-02,producto_legacy,200,"text/html; charset=UTF-8","Producto - Pecera rectangular equipada 4 litros",crawl
https://artiani.com.mx/producto/Pecera-rectangular-equipo-basico-130lts/PERE-08,/producto/Pecera-rectangular-equipo-basico-130lts/PERE-08,producto_legacy,200,"text/html; charset=UTF-8","Producto - Pecera rectangular equipo basico 130lts",crawl
https://artiani.com.mx/producto/Pecera-rectangular-triple-9-litros-equipo-basico/PERE-06,/producto/Pecera-rectangular-triple-9-litros-equipo-basico/PERE-06,producto_legacy,200,"text/html; charset=UTF-8","Producto - Pecera rectangular triple 9 litros equipo basico",crawl
https://artiani.com.mx/producto/Poster-piedramar-60cm-por-rollo-/POS-01,/producto/Poster-piedramar-60cm-por-rollo-/POS-01,producto_legacy,200,"text/html; charset=UTF-8","Producto - Poster piedramar 60cm por rollo",crawl
https://artiani.com.mx/producto/Rascadero-colgante-chango/RAS-02CH,/producto/Rascadero-colgante-chango/RAS-02CH,producto_legacy,200,"text/html; charset=UTF-8","Producto - Rascadero colgante chango",crawl
https://artiani.com.mx/producto/Rascadero-colgante-jirafa/RAS-02,/producto/Rascadero-colgante-jirafa/RAS-02,producto_legacy,200,"text/html; charset=UTF-8","Producto - Rascadero colgante jirafa",crawl
https://artiani.com.mx/producto/Rascadero-mich-sencillo-rosa/RAS-07M,/producto/Rascadero-mich-sencillo-rosa/RAS-07M,producto_legacy,200,"text/html; charset=UTF-8","Producto - Rascadero mich sencillo rosa",crawl
https://artiani.com.mx/producto/Rascadero-poste-para-gato/RAS-01,/producto/Rascadero-poste-para-gato/RAS-01,producto_legacy,200,"text/html; charset=UTF-8","Producto - Rascadero poste para gato",crawl
https://artiani.com.mx/producto/Rascadero-poste-para-gato/index-skin-base-ball.html,/producto/Rascadero-poste-para-gato/index-skin-base-ball.html,producto_legacy,200,"text/html; charset=UTF-8","Producto - Rascadero poste para gato",crawl
https://artiani.com.mx/producto/Rascadero-poste-para-gato/index-skin-football.html,/producto/Rascadero-poste-para-gato/index-skin-football.html,producto_legacy,200,"text/html; charset=UTF-8","Producto - Rascadero poste para gato",crawl
https://artiani.com.mx/producto/Rascadero-poste-para-gato/index-skin-snowboards.html,/producto/Rascadero-poste-para-gato/index-skin-snowboards.html,producto_legacy,200,"text/html; charset=UTF-8","Producto - Rascadero poste para gato",crawl
https://artiani.com.mx/producto/Rasqueta-limpiadora-para-peceras/RASQ-01,/producto/Rasqueta-limpiadora-para-peceras/RASQ-01,producto_legacy,200,"text/html; charset=UTF-8","Producto - Rasqueta limpiadora para peceras",crawl
https://artiani.com.mx/producto/Repelente-dry-entrenador-para-perro-/REPE-03,/producto/Repelente-dry-entrenador-para-perro-/REPE-03,producto_legacy,200,"text/html; charset=UTF-8","Producto - Repelente dry entrenador para perro",crawl
https://artiani.com.mx/producto/Repelente-entrenador-para-perro/REPE-01,/producto/Repelente-entrenador-para-perro/REPE-01,producto_legacy,200,"text/html; charset=UTF-8","Producto - Repelente entrenador para perro",crawl
https://artiani.com.mx/producto/Repelente-entrenador-stay--para-perros-/REPE-02,/producto/Repelente-entrenador-stay--para-perros-/REPE-02,producto_legacy,200,"text/html; charset=UTF-8","Producto - Repelente entrenador stay para perros",crawl
https://artiani.com.mx/producto/Rodaja-snack-para-roedores-/TAR-02,/producto/Rodaja-snack-para-roedores-/TAR-02,producto_legacy,200,"text/html; charset=UTF-8","Producto - Rodaja snack para roedores",crawl
https://artiani.com.mx/producto/Rueda-para-hamster-con-base-amarilla/RUE-02A,/producto/Rueda-para-hamster-con-base-amarilla/RUE-02A,producto_legacy,200,"text/html; charset=UTF-8","Producto - Rueda para hamster con base amarilla",crawl
https://artiani.com.mx/producto/Shampoo-para-erizo-champuas-/SHAE-01,/producto/Shampoo-para-erizo-champuas-/SHAE-01,producto_legacy,200,"text/html; charset=UTF-8","Producto - Shampoo para erizo champuas",crawl
https://artiani.com.mx/producto/Snack-mini-bites-mezcla-de-hierbas-finas-/BITE-01,/producto/Snack-mini-bites-mezcla-de-hierbas-finas-/BITE-01,producto_legacy,200,"text/html; charset=UTF-8","Producto - Snack mini bites mezcla de hierbas finas",crawl
https://artiani.com.mx/producto/Snack-mix-tropical-para-rodeores/MEZ-03,/producto/Snack-mix-tropical-para-rodeores/MEZ-03,producto_legacy,200,"text/html; charset=UTF-8","Producto - Snack mix tropical para rodeores",crawl
https://artiani.com.mx/producto/Suplemento-calcio-+-vitaminas-D3/CAL-02,/producto/Suplemento-calcio-+-vitaminas-D3/CAL-02,producto_legacy,500,"text/html; charset=UTF-8",,crawl
https://artiani.com.mx/producto/Sustrato-organico-para-reptil-fibra-de-coco-2.1-Gal/SUT-04,/producto/Sustrato-organico-para-reptil-fibra-de-coco-2.1-Gal/SUT-04,producto_legacy,200,"text/html; charset=UTF-8","Producto - Sustrato organico para reptil fibra de coco 2.1 Gal",crawl
https://artiani.com.mx/producto/Sustrato-organico-para-reptil-polvillo-de-coco/SUT-05,/producto/Sustrato-organico-para-reptil-polvillo-de-coco/SUT-05,producto_legacy,200,"text/html; charset=UTF-8","Producto - Sustrato organico para reptil polvillo de coco",crawl
https://artiani.com.mx/producto/Tapa-para-pecera-50-cm-de-malla/TAPI-01,/producto/Tapa-para-pecera-50-cm-de-malla/TAPI-01,producto_legacy,200,"text/html; charset=UTF-8","Producto - Tapa para pecera 50 cm de malla",crawl
https://artiani.com.mx/producto/Tapa-para-pecera-de-40-cm-de-malla/TAPI-02,/producto/Tapa-para-pecera-de-40-cm-de-malla/TAPI-02,producto_legacy,200,"text/html; charset=UTF-8","Producto - Tapa para pecera de 40 cm de malla",crawl
https://artiani.com.mx/producto/Tapa-para-pecera-de-plastico-con-puerta-40-cm/TAP-02,/producto/Tapa-para-pecera-de-plastico-con-puerta-40-cm/TAP-02,producto_legacy,200,"text/html; charset=UTF-8","Producto - Tapa para pecera de plastico con puerta 40 cm",crawl
https://artiani.com.mx/producto/Tapa-para-pecera-de-platico-con-puerta-50cm/TAP-01,/producto/Tapa-para-pecera-de-platico-con-puerta-50cm/TAP-01,producto_legacy,200,"text/html; charset=UTF-8","Producto - Tapa para pecera de platico con puerta 50cm",crawl
https://artiani.com.mx/producto/Tapete-entrenador-chico-para-perro-/TAPS-01,/producto/Tapete-entrenador-chico-para-perro-/TAPS-01,producto_legacy,200,"text/html; charset=UTF-8","Producto - Tapete entrenador chico para perro",crawl
https://artiani.com.mx/producto/Tarta-preminum-snack-para-roedores-/TAR-01,/producto/Tarta-preminum-snack-para-roedores-/TAR-01,producto_legacy,200,"text/html; charset=UTF-8","Producto - Tarta preminum snack para roedores",crawl
https://artiani.com.mx/producto/Tazon-con-abrazadera-20-Oz-para-jaula/PACO-03,/producto/Tazon-con-abrazadera-20-Oz-para-jaula/PACO-03,producto_legacy,200,"text/html; charset=UTF-8","Producto - Tazon con abrazadera 20 Oz para jaula",crawl
https://artiani.com.mx/producto/Tazon-con-abrazadera-30-Oz-para-jaula/PACO-04,/producto/Tazon-con-abrazadera-30-Oz-para-jaula/PACO-04,producto_legacy,200,"text/html; charset=UTF-8","Producto - Tazon con abrazadera 30 Oz para jaula",crawl
https://artiani.com.mx/producto/Tazon-con-abrazadera-para-jaula-10-Oz/PACO-02,/producto/Tazon-con-abrazadera-para-jaula-10-Oz/PACO-02,producto_legacy,200,"text/html; charset=UTF-8","Producto - Tazon con abrazadera para jaula 10 Oz",crawl
https://artiani.com.mx/producto/Tazon_circulo_comedero_lento/TAZ-03,/producto/Tazon_circulo_comedero_lento/TAZ-03,producto_legacy,200,"text/html; charset=UTF-8","Producto - Tazon_circulo_comedero_lento",crawl
https://artiani.com.mx/producto/Tazon_doble_para_perros_y_gatos_/TAZ-1,/producto/Tazon_doble_para_perros_y_gatos_/TAZ-1,producto_legacy,200,"text/html; charset=UTF-8","Producto - Tazon_doble_para_perros_y_gatos_",crawl
https://artiani.com.mx/producto/Tazon_duo_hueso_/TAZ-02,/producto/Tazon_duo_hueso_/TAZ-02,producto_legacy,200,"text/html; charset=UTF-8","Producto - Tazon_duo_hueso_",crawl
https://artiani.com.mx/producto/Tazon_duo_pez/TAZ-04,/producto/Tazon_duo_pez/TAZ-04,producto_legacy,200,"text/html; charset=UTF-8","Producto - Tazon_duo_pez",crawl
https://artiani.com.mx/producto/Tenebrio-por-millar-agranel-/TEN-01,/producto/Tenebrio-por-millar-agranel-/TEN-01,producto_legacy,200,"text/html; charset=UTF-8","Producto - Tenebrio por millar agranel",crawl
https://artiani.com.mx/producto/Termometro_digital_aderible_(calacamonia)_/TER-01,/producto/Termometro_digital_aderible_(calacamonia)_/TER-01,producto_legacy,200,"text/html; charset=UTF-8","Producto - Termometro_digital_aderible_(calacamonia)_",crawl
https://artiani.com.mx/producto/Toallas-sanitarias-chicas-20-pza/TOLL-01,/producto/Toallas-sanitarias-chicas-20-pza/TOLL-01,producto_legacy,200,"text/html; charset=UTF-8","Producto - Toallas sanitarias chicas 20 pza",crawl
https://artiani.com.mx/producto/Toallas-sanitarias-grandes-20-pza/TOLL-02,/producto/Toallas-sanitarias-grandes-20-pza/TOLL-02,producto_legacy,200,"text/html; charset=UTF-8","Producto - Toallas sanitarias grandes 20 pza",crawl
https://artiani.com.mx/producto/Tortuguero-circular-en-kit-/TOR-02,/producto/Tortuguero-circular-en-kit-/TOR-02,producto_legacy,200,"text/html; charset=UTF-8","Producto - Tortuguero circular en kit",crawl
https://artiani.com.mx/producto/Tortuguero-de-rinon-en-kit/TOR-01,/producto/Tortuguero-de-rinon-en-kit/TOR-01,producto_legacy,200,"text/html; charset=UTF-8","Producto - Tortuguero de rinon en kit",crawl
https://artiani.com.mx/producto/Transportadora-capsula-apolo-para-mascotas/TRAP-01,/producto/Transportadora-capsula-apolo-para-mascotas/TRAP-01,producto_legacy,200,"text/html; charset=UTF-8","Producto - Transportadora capsula apolo para mascotas",crawl
https://artiani.com.mx/producto/Transportadora-capsula-mercurio-para-mascotas/TRAP-02,/producto/Transportadora-capsula-mercurio-para-mascotas/TRAP-02,producto_legacy,200,"text/html; charset=UTF-8","Producto - Transportadora capsula mercurio para mascotas",crawl
https://artiani.com.mx/producto/Transportadora-maletin-delta-armable-chica-/TRA-22,/producto/Transportadora-maletin-delta-armable-chica-/TRA-22,producto_legacy,200,"text/html; charset=UTF-8","Producto - Transportadora maletin delta armable chica",crawl
https://artiani.com.mx/producto/Transportadora-maletin-delta-armable-mediana-/TRA-21,/producto/Transportadora-maletin-delta-armable-mediana-/TRA-21,producto_legacy,200,"text/html; charset=UTF-8","Producto - Transportadora maletin delta armable mediana",crawl
https://artiani.com.mx/producto/Transportadora-mid-chica-azul-/MID-04,/producto/Transportadora-mid-chica-azul-/MID-04,producto_legacy,200,"text/html; charset=UTF-8","Producto - Transportadora mid chica azul",crawl
https://artiani.com.mx/producto/Transportadora-mid-chica-gris-/MID-03,/producto/Transportadora-mid-chica-gris-/MID-03,producto_legacy,200,"text/html; charset=UTF-8","Producto - Transportadora mid chica gris",crawl
https://artiani.com.mx/producto/Transportadora-mid-mediana-azul/MID-02,/producto/Transportadora-mid-mediana-azul/MID-02,producto_legacy,200,"text/html; charset=UTF-8","Producto - Transportadora mid mediana azul",crawl
https://artiani.com.mx/producto/Transportadora-mid-mediana-gris-/MID-01,/producto/Transportadora-mid-mediana-gris-/MID-01,producto_legacy,200,"text/html; charset=UTF-8","Producto - Transportadora mid mediana gris",crawl
https://artiani.com.mx/producto/Vitamina-A-para-tortuga-/VITA-30,/producto/Vitamina-A-para-tortuga-/VITA-30,producto_legacy,200,"text/html; charset=UTF-8","Producto - Vitamina A para tortuga",crawl
"https://artiani.com.mx/producto/categoria/accesorios,-entrenamiento,-sujetadores-para-gato","/producto/categoria/accesorios,-entrenamiento,-sujetadores-para-gato",categoria_legacy,200,"text/html; charset=UTF-8","Categoria - Accesorios,-entrenamiento,-sujetadores-para-gato",crawl
"https://artiani.com.mx/producto/categoria/accesorios,-entrenamiento,-sujetadores-para-perro","/producto/categoria/accesorios,-entrenamiento,-sujetadores-para-perro",categoria_legacy,200,"text/html; charset=UTF-8","Categoria - Accesorios,-entrenamiento,-sujetadores-para-perro",crawl
https://artiani.com.mx/producto/categoria/accesorios_y_aditamentos_para_hamster,/producto/categoria/accesorios_y_aditamentos_para_hamster,categoria_legacy,200,"text/html; charset=UTF-8","Categoria - Accesorios y aditamentos para hamster",crawl
"https://artiani.com.mx/producto/categoria/acuarios,-nano,-micro-y-megas-con-y-sin-mueble-para-peces-","/producto/categoria/acuarios,-nano,-micro-y-megas-con-y-sin-mueble-para-peces-",categoria_legacy,200,"text/html; charset=UTF-8","Categoria - Acuarios,-nano,-micro-y-megas-con-y-sin-mueble-para-peces-",crawl
https://artiani.com.mx/producto/categoria/aditamentos-y-accesorios-para-tortugas,/producto/categoria/aditamentos-y-accesorios-para-tortugas,categoria_legacy,200,"text/html; charset=UTF-8","Categoria - Aditamentos-y-accesorios-para-tortugas",crawl
https://artiani.com.mx/producto/categoria/alimentacion_para_hamsters,/producto/categoria/alimentacion_para_hamsters,categoria_legacy,200,"text/html; charset=UTF-8","Categoria - Alimentacion para hamsters",crawl
https://artiani.com.mx/producto/categoria/alimento-para-gatos,/producto/categoria/alimento-para-gatos,categoria_legacy,200,"text/html; charset=UTF-8","Categoria - Alimento-para-gatos",crawl
https://artiani.com.mx/producto/categoria/alimento-para-perros-,/producto/categoria/alimento-para-perros-,categoria_legacy,200,"text/html; charset=UTF-8","Categoria - Alimento-para-perros-",crawl
https://artiani.com.mx/producto/categoria/alimento-y-alimentadores-para-colibri,/producto/categoria/alimento-y-alimentadores-para-colibri,categoria_legacy,200,"text/html; charset=UTF-8","Categoria - Alimento-y-alimentadores-para-colibri",crawl
https://artiani.com.mx/producto/categoria/alimento-y-alimentadores-para-conejos,/producto/categoria/alimento-y-alimentadores-para-conejos,categoria_legacy,200,"text/html; charset=UTF-8","Categoria - Alimento-y-alimentadores-para-conejos",crawl
https://artiani.com.mx/producto/categoria/alimento-y-alimentadores-para-cuyo,/producto/categoria/alimento-y-alimentadores-para-cuyo,categoria_legacy,200,"text/html; charset=UTF-8","Categoria - Alimento-y-alimentadores-para-cuyo",crawl
https://artiani.com.mx/producto/categoria/alimento-y-alimentadores-para-erizo,/producto/categoria/alimento-y-alimentadores-para-erizo,categoria_legacy,200,"text/html; charset=UTF-8","Categoria - Alimento-y-alimentadores-para-erizo",crawl
https://artiani.com.mx/producto/categoria/alimento_para_tortugas,/producto/categoria/alimento_para_tortugas,categoria_legacy,200,"text/html; charset=UTF-8","Categoria - Alimento para tortugas",crawl
https://artiani.com.mx/producto/categoria/alimentos-de-acuario,/producto/categoria/alimentos-de-acuario,categoria_legacy,200,"text/html; charset=UTF-8","Categoria - Alimentos-de-acuario",crawl
https://artiani.com.mx/producto/categoria/alimentos-para-aves,/producto/categoria/alimentos-para-aves,categoria_legacy,200,"text/html; charset=UTF-8","Categoria - Alimentos-para-aves",crawl
https://artiani.com.mx/producto/categoria/alimentos-para-iguana,/producto/categoria/alimentos-para-iguana,categoria_legacy,200,"text/html; charset=UTF-8","Categoria - Alimentos-para-iguana",crawl
https://artiani.com.mx/producto/categoria/alimentos-para-mamiferos-roedores,/producto/categoria/alimentos-para-mamiferos-roedores,categoria_legacy,200,"text/html; charset=UTF-8","Categoria - Alimentos-para-mamiferos-roedores",crawl
https://artiani.com.mx/producto/categoria/alimentos-para-pez-betta,/producto/categoria/alimentos-para-pez-betta,categoria_legacy,200,"text/html; charset=UTF-8","Categoria - Alimentos-para-pez-betta",crawl
https://artiani.com.mx/producto/categoria/alimentos-vivos,/producto/categoria/alimentos-vivos,categoria_legacy,200,"text/html; charset=UTF-8","Categoria - Alimentos-vivos",crawl
https://artiani.com.mx/producto/categoria/alimentos-y-aditamentos-para-pajaros,/producto/categoria/alimentos-y-aditamentos-para-pajaros,categoria_legacy,200,"text/html; charset=UTF-8","Categoria - Alimentos-y-aditamentos-para-pajaros",crawl
https://artiani.com.mx/producto/categoria/alimentos_para_peces,/producto/categoria/alimentos_para_peces,categoria_legacy,200,"text/html; charset=UTF-8","Categoria - Alimentos para peces",crawl
https://artiani.com.mx/producto/categoria/alimentos_para_reptiles,/producto/categoria/alimentos_para_reptiles,categoria_legacy,200,"text/html; charset=UTF-8","Categoria - Alimentos para reptiles",crawl
https://artiani.com.mx/producto/categoria/antipulgas-para-perros-y-gatos,/producto/categoria/antipulgas-para-perros-y-gatos,categoria_legacy,200,"text/html; charset=UTF-8","Categoria - Antipulgas-para-perros-y-gatos",crawl
https://artiani.com.mx/producto/categoria/areneros,/producto/categoria/areneros,categoria_legacy,200,"text/html; charset=UTF-8","Categoria - Areneros",crawl
https://artiani.com.mx/producto/categoria/bases_para_peceras,/producto/categoria/bases_para_peceras,categoria_legacy,200,"text/html; charset=UTF-8","Categoria - Bases para peceras",crawl
https://artiani.com.mx/producto/categoria/bombas-sumergibles-,/producto/categoria/bombas-sumergibles-,categoria_legacy,200,"text/html; charset=UTF-8","Categoria - Bombas-sumergibles-",crawl
https://artiani.com.mx/producto/categoria/calefaccion_para_peces,/producto/categoria/calefaccion_para_peces,categoria_legacy,200,"text/html; charset=UTF-8","Categoria - Calefaccion para peces",crawl
https://artiani.com.mx/producto/categoria/calefaccion_para_reptiles,/producto/categoria/calefaccion_para_reptiles,categoria_legacy,200,"text/html; charset=UTF-8","Categoria - Calefaccion para reptiles",crawl
https://artiani.com.mx/producto/categoria/camas-casas-y-colchones-para-conejos,/producto/categoria/camas-casas-y-colchones-para-conejos,categoria_legacy,200,"text/html; charset=UTF-8","Categoria - Camas-casas-y-colchones-para-conejos",crawl
https://artiani.com.mx/producto/categoria/camas-casas-y-colchones-para-perros,/producto/categoria/camas-casas-y-colchones-para-perros,categoria_legacy,200,"text/html; charset=UTF-8","Categoria - Camas-casas-y-colchones-para-perros",crawl
https://artiani.com.mx/producto/categoria/camas_casas_y_colchones_para_gatos,/producto/categoria/camas_casas_y_colchones_para_gatos,categoria_legacy,200,"text/html; charset=UTF-8","Categoria - Camas casas y colchones para gatos",crawl
https://artiani.com.mx/producto/categoria/casas_para_perros,/producto/categoria/casas_para_perros,categoria_legacy,200,"text/html; charset=UTF-8","Categoria - Casas para perros",crawl
https://artiani.com.mx/producto/categoria/decoracion-para-peceras,/producto/categoria/decoracion-para-peceras,categoria_legacy,200,"text/html; charset=UTF-8","Categoria - Decoracion-para-peceras",crawl
https://artiani.com.mx/producto/categoria/decoracion-y-aditamentos-para-reptiles,/producto/categoria/decoracion-y-aditamentos-para-reptiles,categoria_legacy,200,"text/html; charset=UTF-8","Categoria - Decoracion-y-aditamentos-para-reptiles",crawl
https://artiani.com.mx/producto/categoria/dispensadores_de_agua_y_comida,/producto/categoria/dispensadores_de_agua_y_comida,categoria_legacy,200,"text/html; charset=UTF-8","Categoria - Dispensadores de agua y comida",crawl
https://artiani.com.mx/producto/categoria/empty-cart.html,/producto/categoria/empty-cart.html,categoria_legacy,200,"text/html; charset=UTF-8","Categoria - Empty-cart.html",crawl
https://artiani.com.mx/producto/categoria/filtracion_y_oxigenacion,/producto/categoria/filtracion_y_oxigenacion,categoria_legacy,200,"text/html; charset=UTF-8","Categoria - Filtracion y oxigenacion",crawl
https://artiani.com.mx/producto/categoria/habitat-para-mamiferos,/producto/categoria/habitat-para-mamiferos,categoria_legacy,200,"text/html; charset=UTF-8","Categoria - Habitat-para-mamiferos",crawl
https://artiani.com.mx/producto/categoria/iluminacion_para_peces,/producto/categoria/iluminacion_para_peces,categoria_legacy,200,"text/html; charset=UTF-8","Categoria - Iluminacion para peces",crawl
https://artiani.com.mx/producto/categoria/index-skin-base-ball.html,/producto/categoria/index-skin-base-ball.html,categoria_legacy,200,"text/html; charset=UTF-8","Categoria - Index-skin-base-ball.html",crawl
https://artiani.com.mx/producto/categoria/index-skin-football.html,/producto/categoria/index-skin-football.html,categoria_legacy,200,"text/html; charset=UTF-8","Categoria - Index-skin-football.html",crawl
https://artiani.com.mx/producto/categoria/index-skin-snowboards.html,/producto/categoria/index-skin-snowboards.html,categoria_legacy,200,"text/html; charset=UTF-8","Categoria - Index-skin-snowboards.html",crawl
https://artiani.com.mx/producto/categoria/index.html,/producto/categoria/index.html,categoria_legacy,200,"text/html; charset=UTF-8","Categoria - Index.html",crawl
"https://artiani.com.mx/producto/categoria/jaulas,-vallas-y-casas-para-gatos","/producto/categoria/jaulas,-vallas-y-casas-para-gatos",categoria_legacy,200,"text/html; charset=UTF-8","Categoria - Jaulas,-vallas-y-casas-para-gatos",crawl
https://artiani.com.mx/producto/categoria/jaulas-corrales-y-vallas-para-perros,/producto/categoria/jaulas-corrales-y-vallas-para-perros,categoria_legacy,200,"text/html; charset=UTF-8","Categoria - Jaulas-corrales-y-vallas-para-perros",crawl
https://artiani.com.mx/producto/categoria/jaulas_para_conejos,/producto/categoria/jaulas_para_conejos,categoria_legacy,200,"text/html; charset=UTF-8","Categoria - Jaulas para conejos",crawl
https://artiani.com.mx/producto/categoria/jaulas_para_cuyos,/producto/categoria/jaulas_para_cuyos,categoria_legacy,200,"text/html; charset=UTF-8","Categoria - Jaulas para cuyos",crawl
https://artiani.com.mx/producto/categoria/jaulas_para_erizo,/producto/categoria/jaulas_para_erizo,categoria_legacy,200,"text/html; charset=UTF-8","Categoria - Jaulas para erizo",crawl
https://artiani.com.mx/producto/categoria/jaulas_para_hamsters,/producto/categoria/jaulas_para_hamsters,categoria_legacy,200,"text/html; charset=UTF-8","Categoria - Jaulas para hamsters",crawl
https://artiani.com.mx/producto/categoria/jaulas_para_pajaros,/producto/categoria/jaulas_para_pajaros,categoria_legacy,200,"text/html; charset=UTF-8","Categoria - Jaulas para pajaros",crawl
https://artiani.com.mx/producto/categoria/juguetes_para_gatos,/producto/categoria/juguetes_para_gatos,categoria_legacy,200,"text/html; charset=UTF-8","Categoria - Juguetes para gatos",crawl
https://artiani.com.mx/producto/categoria/juguetes_para_pajaros,/producto/categoria/juguetes_para_pajaros,categoria_legacy,200,"text/html; charset=UTF-8","Categoria - Juguetes para pajaros",crawl
https://artiani.com.mx/producto/categoria/juguetes_para_perros,/producto/categoria/juguetes_para_perros,categoria_legacy,200,"text/html; charset=UTF-8","Categoria - Juguetes para perros",crawl
https://artiani.com.mx/producto/categoria/listing-left-column.html,/producto/categoria/listing-left-column.html,categoria_legacy,200,"text/html; charset=UTF-8","Categoria - Listing-left-column.html",crawl
https://artiani.com.mx/producto/categoria/mochilas-transportadoras,/producto/categoria/mochilas-transportadoras,categoria_legacy,200,"text/html; charset=UTF-8","Categoria - Mochilas-transportadoras",crawl
https://artiani.com.mx/producto/categoria/peceras,/producto/categoria/peceras,categoria_legacy,200,"text/html; charset=UTF-8","Categoria - Peceras",crawl
https://artiani.com.mx/producto/categoria/peceras-para-bettas-(beteras),/producto/categoria/peceras-para-bettas-(beteras),categoria_legacy,200,"text/html; charset=UTF-8","Categoria - Peceras-para-bettas-(beteras)",crawl
https://artiani.com.mx/producto/categoria/peceras_equipadas,/producto/categoria/peceras_equipadas,categoria_legacy,200,"text/html; charset=UTF-8","Categoria - Peceras equipadas",crawl
"https://artiani.com.mx/producto/categoria/platos,-tazones-y-contenedores-de-alimento","/producto/categoria/platos,-tazones-y-contenedores-de-alimento",categoria_legacy,200,"text/html; charset=UTF-8","Categoria - Platos,-tazones-y-contenedores-de-alimento",crawl
"https://artiani.com.mx/producto/categoria/premios,-snacks-y-desgaste-de-dientes-para-roedor","/producto/categoria/premios,-snacks-y-desgaste-de-dientes-para-roedor",categoria_legacy,200,"text/html; charset=UTF-8","Categoria - Premios,-snacks-y-desgaste-de-dientes-para-roedor",crawl
https://artiani.com.mx/producto/categoria/product.html,/producto/categoria/product.html,categoria_legacy,200,"text/html; charset=UTF-8","Categoria - Product.html",crawl
https://artiani.com.mx/producto/categoria/rascaderos-para-gato,/producto/categoria/rascaderos-para-gato,categoria_legacy,200,"text/html; charset=UTF-8","Categoria - Rascaderos-para-gato",crawl
https://artiani.com.mx/producto/categoria/repuestos_y_aditamentos_para_peceras,/producto/categoria/repuestos_y_aditamentos_para_peceras,categoria_legacy,200,"text/html; charset=UTF-8","Categoria - Repuestos y aditamentos para peceras",crawl
https://artiani.com.mx/producto/categoria/salud-e-higiene-para-conejos,/producto/categoria/salud-e-higiene-para-conejos,categoria_legacy,200,"text/html; charset=UTF-8","Categoria - Salud-e-higiene-para-conejos",crawl
https://artiani.com.mx/producto/categoria/salud-e-higiene-para-cuyo,/producto/categoria/salud-e-higiene-para-cuyo,categoria_legacy,200,"text/html; charset=UTF-8","Categoria - Salud-e-higiene-para-cuyo",crawl
https://artiani.com.mx/producto/categoria/salud-e-higiene-para-erizo-,/producto/categoria/salud-e-higiene-para-erizo-,categoria_legacy,200,"text/html; charset=UTF-8","Categoria - Salud-e-higiene-para-erizo-",crawl
https://artiani.com.mx/producto/categoria/salud-e-higiene-para-gatos,/producto/categoria/salud-e-higiene-para-gatos,categoria_legacy,200,"text/html; charset=UTF-8","Categoria - Salud-e-higiene-para-gatos",crawl
https://artiani.com.mx/producto/categoria/salud_e_higiene_para_perros,/producto/categoria/salud_e_higiene_para_perros,categoria_legacy,200,"text/html; charset=UTF-8","Categoria - Salud e higiene para perros",crawl
https://artiani.com.mx/producto/categoria/terrarios,/producto/categoria/terrarios,categoria_legacy,200,"text/html; charset=UTF-8","Categoria - Terrarios",crawl
https://artiani.com.mx/producto/categoria/tortugueros,/producto/categoria/tortugueros,categoria_legacy,200,"text/html; charset=UTF-8","Categoria - Tortugueros",crawl
https://artiani.com.mx/producto/categoria/transportadoras-mascoteras-de-plastico,/producto/categoria/transportadoras-mascoteras-de-plastico,categoria_legacy,200,"text/html; charset=UTF-8","Categoria - Transportadoras-mascoteras-de-plastico",crawl
https://artiani.com.mx/producto/categoria/transportadoras_para_gatos,/producto/categoria/transportadoras_para_gatos,categoria_legacy,200,"text/html; charset=UTF-8","Categoria - Transportadoras para gatos",crawl
https://artiani.com.mx/producto/categoria/transportadoras_para_perros,/producto/categoria/transportadoras_para_perros,categoria_legacy,200,"text/html; charset=UTF-8","Categoria - Transportadoras para perros",crawl
https://artiani.com.mx/producto/clasificacion/acuario,/producto/clasificacion/acuario,clasificacion,200,"text/html; charset=UTF-8","Clasificacion - Acuario",crawl
https://artiani.com.mx/producto/clasificacion/aves,/producto/clasificacion/aves,clasificacion,200,"text/html; charset=UTF-8","Clasificacion - Aves",crawl
https://artiani.com.mx/producto/clasificacion/betta,/producto/clasificacion/betta,clasificacion,200,"text/html; charset=UTF-8","Clasificacion - Betta",crawl
https://artiani.com.mx/producto/clasificacion/conejo,/producto/clasificacion/conejo,clasificacion,200,"text/html; charset=UTF-8","Clasificacion - Conejo",crawl
https://artiani.com.mx/producto/clasificacion/cuyo,/producto/clasificacion/cuyo,clasificacion,200,"text/html; charset=UTF-8","Clasificacion - Cuyo",crawl
https://artiani.com.mx/producto/clasificacion/empty-cart.html,/producto/clasificacion/empty-cart.html,clasificacion,500,"text/html; charset=UTF-8",,crawl
https://artiani.com.mx/producto/clasificacion/erizo,/producto/clasificacion/erizo,clasificacion,200,"text/html; charset=UTF-8","Clasificacion - Erizo",crawl
https://artiani.com.mx/producto/clasificacion/gato,/producto/clasificacion/gato,clasificacion,200,"text/html; charset=UTF-8","Clasificacion - Gato",crawl
https://artiani.com.mx/producto/clasificacion/hamster,/producto/clasificacion/hamster,clasificacion,200,"text/html; charset=UTF-8","Clasificacion - Hamster",crawl
https://artiani.com.mx/producto/clasificacion/iguana,/producto/clasificacion/iguana,clasificacion,200,"text/html; charset=UTF-8","Clasificacion - Iguana",crawl
https://artiani.com.mx/producto/clasificacion/index-skin-base-ball.html,/producto/clasificacion/index-skin-base-ball.html,clasificacion,500,"text/html; charset=UTF-8",,crawl
https://artiani.com.mx/producto/clasificacion/index-skin-football.html,/producto/clasificacion/index-skin-football.html,clasificacion,500,"text/html; charset=UTF-8",,crawl
https://artiani.com.mx/producto/clasificacion/index-skin-snowboards.html,/producto/clasificacion/index-skin-snowboards.html,clasificacion,500,"text/html; charset=UTF-8",,crawl
https://artiani.com.mx/producto/clasificacion/index.html,/producto/clasificacion/index.html,clasificacion,500,"text/html; charset=UTF-8",,crawl
https://artiani.com.mx/producto/clasificacion/listing-left-column.html,/producto/clasificacion/listing-left-column.html,clasificacion,500,"text/html; charset=UTF-8",,crawl
https://artiani.com.mx/producto/clasificacion/mamiferos,/producto/clasificacion/mamiferos,clasificacion,200,"text/html; charset=UTF-8","Clasificacion - Mamiferos",crawl
https://artiani.com.mx/producto/clasificacion/perro,/producto/clasificacion/perro,clasificacion,200,"text/html; charset=UTF-8","Clasificacion - Perro",crawl
https://artiani.com.mx/producto/clasificacion/perros-y-gatos,/producto/clasificacion/perros-y-gatos,clasificacion,200,"text/html; charset=UTF-8","Clasificacion - Perros-y-gatos",crawl
https://artiani.com.mx/producto/clasificacion/product.html,/producto/clasificacion/product.html,clasificacion,500,"text/html; charset=UTF-8",,crawl
https://artiani.com.mx/producto/clasificacion/reptiles,/producto/clasificacion/reptiles,clasificacion,200,"text/html; charset=UTF-8","Clasificacion - Reptiles",crawl
https://artiani.com.mx/producto/clasificacion/tortuga,/producto/clasificacion/tortuga,clasificacion,200,"text/html; charset=UTF-8","Clasificacion - Tortuga",crawl
https://artiani.com.mx/producto/tortuguero-circular-solo/TOR-03,/producto/tortuguero-circular-solo/TOR-03,producto_legacy,200,"text/html; charset=UTF-8","Producto - Tortuguero circular solo",crawl
https://artiani.com.mx/robots.txt,/robots.txt,otro,200,"text/html; charset=UTF-8","Artiani acuario, artículos para animales y más",crawl
https://artiani.com.mx/sitemap.xml,/sitemap.xml,sitemap,200,"text/html; charset=UTF-8","Artiani acuario, artículos para animales y más",crawl
https://artiani.com.mx/tienda/como_comprar,/tienda/como_comprar,otro,200,"text/html; charset=UTF-8","COMO COMPRAR - Beay",crawl
https://artiani.com.mx/tienda/empty-cart.html,/tienda/empty-cart.html,otro,500,"text/html; charset=UTF-8",,crawl
https://artiani.com.mx/tienda/index-skin-base-ball.html,/tienda/index-skin-base-ball.html,otro,500,"text/html; charset=UTF-8",,crawl
https://artiani.com.mx/tienda/index-skin-football.html,/tienda/index-skin-football.html,otro,500,"text/html; charset=UTF-8",,crawl
https://artiani.com.mx/tienda/index-skin-snowboards.html,/tienda/index-skin-snowboards.html,otro,500,"text/html; charset=UTF-8",,crawl
https://artiani.com.mx/tienda/index.html,/tienda/index.html,otro,500,"text/html; charset=UTF-8",,crawl
https://artiani.com.mx/tienda/product.html,/tienda/product.html,otro,500,"text/html; charset=UTF-8",,crawl
