url_original,path_original,tipo,status_http,titulo_detectado,destino_1,confianza_1,motivo_1,destino_2,destino_3,accion_sugerida,nota
https://artiani.com.mx/,/,home,200,"Artiani acuario, artículos para animales y más",/,exacta,path_exacto,,,aprobar_301_candidato,validar_visual_y_aprobar
https://artiani.com.mx/contacto,/contacto,contacto,200,"Contacto - Beay",/contacto,exacta,path_exacto+tokens_1,,,aprobar_301_candidato,validar_visual_y_aprobar
https://artiani.com.mx/producto/Aclarador-de-ojos-para-tortuga/ACLA-30,/producto/Aclarador-de-ojos-para-tortuga/ACLA-30,producto,200,"Producto - Aclarador de ojos para tortuga",/producto/aclarador-de-ojos-para-tortugas-30-ml-pza-fl1108,baja,tokens_3,,,validar_301_candidato,validar_variante_marca_tamano_codigo
https://artiani.com.mx/producto/Acuario-de-coliseo-70-lts-con-mueble-/NANO-08,/producto/Acuario-de-coliseo-70-lts-con-mueble-/NANO-08,producto,200,"Producto - Acuario de coliseo 70 lts con mueble",/producto/acuario-de-coliseo-70-lts-con-mueble-pza-4063,baja,tokens_4,/producto/acuario-imperio-100-lts-pza-4064,/producto/acuario-nano-reef-18-l-pza-fl7957,validar_301_candidato,validar_variante_marca_tamano_codigo
https://artiani.com.mx/producto/Acuario-imperio-con-mueble-100-Lts-/NANO-09,/producto/Acuario-imperio-con-mueble-100-Lts-/NANO-09,producto,200,"Producto - Acuario imperio con mueble 100 Lts",/producto/acuario-imperio-100-lts-pza-4064,media,tokens_5,,,validar_301_candidato,validar_variante_marca_tamano_codigo
https://artiani.com.mx/producto/Acuario-nano-minus-15-lts/NANO-02,/producto/Acuario-nano-minus-15-lts/NANO-02,producto,200,"Producto - Acuario nano minus 15 lts",/producto/acuario-nano-reef-18-l-pza-fl7957,baja,tokens_3,/producto/acuario-nano-cascada-negro-15-l-pza-fl7961,/producto/acuario-nano-12-lts-aquakrill-29-x-23-x-36-cm-pza-b-226,validar_301_candidato,validar_variante_marca_tamano_codigo
https://artiani.com.mx/producto/Acuario-nano-redu-21-L/NANO-06,/producto/Acuario-nano-redu-21-L/NANO-06,producto,200,"Producto - Acuario nano redu 21 L",/producto/acuario-nano-redu-21-l-pza-us0610,baja,tokens_3,,,validar_301_candidato,validar_variante_marca_tamano_codigo
https://artiani.com.mx/producto/Alimento-betta-bit-frasco/ALI-25B,/producto/Alimento-betta-bit-frasco/ALI-25B,producto,200,"Producto - Alimento betta bit frasco",/producto/alimento-betta-bit-frasco-pza-q125,baja,tokens_4,,,validar_301_candidato,validar_variante_marca_tamano_codigo
https://artiani.com.mx/producto/Alimento-betta-premium-8-gramos-/ALI-8B,/producto/Alimento-betta-premium-8-gramos-/ALI-8B,producto,200,"Producto - Alimento betta premium 8 gramos",/producto/alimento-betta-premium-8-gramos-pza-wat646,baja,tokens_4,/producto/alimento-betta-bit-frasco-pza-q125,/producto/alimento-japones-golfish-pellets-premium-pza-wat616,validar_301_candidato,validar_variante_marca_tamano_codigo
https://artiani.com.mx/producto/Alimento-betta-premium-sobre-/ALIB-28,/producto/Alimento-betta-premium-sobre-/ALIB-28,producto,200,"Producto - Alimento betta premium sobre",/producto/alimento-betta-premium-8-gramos-pza-wat646,baja,tokens_3,,,validar_301_candidato,validar_variante_marca_tamano_codigo
https://artiani.com.mx/producto/Alimento-bettabit-sobre-/ALI-50B,/producto/Alimento-bettabit-sobre-/ALI-50B,producto,200,"Producto - Alimento bettabit sobre",/producto/alimento-bettabit-sobre-pza-q860,baja,tokens_3,,,validar_301_candidato,validar_variante_marca_tamano_codigo
https://artiani.com.mx/producto/Alimento-de-vacaciones-para-peces/ALI-4V,/producto/Alimento-de-vacaciones-para-peces/ALI-4V,producto,200,"Producto - Alimento de vacaciones para peces",/producto/alimento-de-vacaciones-para-peces-pza-fl5033,baja,tokens_3,/producto/alimento-de-vacaciones-1-pieza-para-peces-pza-q150,/producto/alimento-de-vacaciones-para-peces-de-ornato-pza-fl5032,validar_301_candidato,validar_variante_marca_tamano_codigo
https://artiani.com.mx/producto/Alimento-para-gato-adulto-indoor-nupec-1.5-kg/NUGAIN-01,/producto/Alimento-para-gato-adulto-indoor-nupec-1.5-kg/NUGAIN-01,producto,200,"Producto - Alimento para gato adulto indoor nupec 1.5 kg",/producto/alimento-croqueta-para-gato-adulto-indoor-nupec-3-kg-pza-nuec-fenoaduor3k,media,tokens_5,/producto/alimento-croqueta-para-gato-adulto-indoor-nupec-1-5-kg-pza-nuec-fenoaduor1500g,/producto/alimento-croqueta-para-gato-kitten-nupec-3-kg-pza-nuec-fenokien3k,validar_301_candidato,validar_variante_marca_tamano_codigo
https://artiani.com.mx/producto/Alimento-para-gato-adulto-indoor-nupec-3kg/NUPI-01,/producto/Alimento-para-gato-adulto-indoor-nupec-3kg/NUPI-01,producto,200,"Producto - Alimento para gato adulto indoor nupec 3kg",/producto/alimento-croqueta-para-gato-adulto-indoor-nupec-3-kg-pza-nuec-fenoaduor3k,media,tokens_5,/producto/alimento-croqueta-para-gato-adulto-indoor-nupec-1-5-kg-pza-nuec-fenoaduor1500g,/producto/alimento-croqueta-para-gato-kitten-nupec-3-kg-pza-nuec-fenokien3k,validar_301_candidato,validar_variante_marca_tamano_codigo
https://artiani.com.mx/producto/Alimento-para-gato-kitten-nupec-3kg/KINU-01,/producto/Alimento-para-gato-kitten-nupec-3kg/KINU-01,producto,200,"Producto - Alimento para gato kitten nupec 3kg",/producto/alimento-croqueta-para-gato-kitten-nupec-3-kg-pza-nuec-fenokien3k,baja,tokens_4,/producto/alimento-croqueta-para-gato-kitten-nupec-1-5-kg-pza-nuec-fenokien1500g,/producto/alimento-croqueta-para-gato-adulto-indoor-nupec-3-kg-pza-nuec-fenoaduor3k,validar_301_candidato,validar_variante_marca_tamano_codigo
https://artiani.com.mx/producto/Alimento-para-huron-fortificada-/ALIU-02,/producto/Alimento-para-huron-fortificada-/ALIU-02,producto,200,"Producto - Alimento para huron fortificada",/producto/alimento-huron-ferret-diet-1-kg-pza-wat572,baja,tokens_3,,,validar_301_candidato,validar_variante_marca_tamano_codigo
https://artiani.com.mx/producto/Alimento-para-peces-de-fondo-70-grs/ALIF-01,/producto/Alimento-para-peces-de-fondo-70-grs/ALIF-01,producto,200,"Producto - Alimento para peces de fondo 70 grs",/producto/alimento-de-vacaciones-1-pieza-para-peces-pza-q150,baja,tokens_3,/producto/alimento-de-vacaciones-para-peces-de-ornato-pza-fl5032,/producto/alimento-hojuela-super-flakes-150gr-para-peces-pza-q817,validar_301_candidato,validar_variante_marca_tamano_codigo
https://artiani.com.mx/producto/Alimento_premium_para_pez_goldfish_90_grs/ALI-90G,/producto/Alimento_premium_para_pez_goldfish_90_grs/ALI-90G,producto,200,"Producto - Alimento_premium_para_pez_goldfish_90_grs",/producto/alimento-de-vacaciones-1-pieza-para-peces-pza-q150,baja,tokens_3,,,validar_301_candidato,validar_variante_marca_tamano_codigo
https://artiani.com.mx/producto/Alimento_tropical_premium_90_gramos_/ALI-90TR,/producto/Alimento_tropical_premium_90_gramos_/ALI-90TR,producto,200,"Producto - Alimento_tropical_premium_90_gramos_",/producto/alimento-betta-premium-8-gramos-pza-wat646,baja,tokens_3,/producto/alimento-japones-golfish-pellets-premium-pza-wat616,/producto/alimento-hojuela-tropical-grande-para-peces-pza-tp-3504,validar_301_candidato,validar_variante_marca_tamano_codigo
https://artiani.com.mx/producto/Croqueta-para-gato-kitten-nupec-1.5kg/KINU-02,/producto/Croqueta-para-gato-kitten-nupec-1.5kg/KINU-02,producto,200,"Producto - Croqueta para gato kitten nupec 1.5kg",/producto/alimento-croqueta-para-gato-kitten-nupec-3-kg-pza-nuec-fenokien3k,baja,tokens_4,/producto/alimento-croqueta-para-gato-kitten-nupec-1-5-kg-pza-nuec-fenokien1500g,/producto/alimento-croqueta-para-gato-adulto-indoor-nupec-3-kg-pza-nuec-fenoaduor3k,validar_301_candidato,validar_variante_marca_tamano_codigo
https://artiani.com.mx/producto/Nupec-Croqueta-Costal-Adulto-Nutricion-Canina-Cientifica-2-kg/NUDE-01,/producto/Nupec-Croqueta-Costal-Adulto-Nutricion-Canina-Cientifica-2-kg/NUDE-01,producto,200,"Producto - Nupec Croqueta Costal Adulto Nutricion Canina Cientifica 2 kg",/producto/alimento-croqueta-para-gato-kitten-nupec-3-kg-pza-nuec-fenokien3k,baja,tokens_3,/producto/alimento-croqueta-para-gato-kitten-nupec-1-5-kg-pza-nuec-fenokien1500g,/producto/alimento-croqueta-para-gato-adulto-indoor-nupec-3-kg-pza-nuec-fenoaduor3k,validar_301_candidato,validar_variante_marca_tamano_codigo
https://artiani.com.mx/producto/Nupec-Croqueta-Costal-Adulto-Nutricion-Canina-Cientifica-20-kg/NUDE-03,/producto/Nupec-Croqueta-Costal-Adulto-Nutricion-Canina-Cientifica-20-kg/NUDE-03,producto,200,"Producto - Nupec Croqueta Costal Adulto Nutricion Canina Cientifica 20 kg",/producto/alimento-croqueta-para-gato-kitten-nupec-3-kg-pza-nuec-fenokien3k,baja,tokens_3,/producto/alimento-croqueta-para-gato-kitten-nupec-1-5-kg-pza-nuec-fenokien1500g,/producto/alimento-croqueta-para-gato-adulto-indoor-nupec-3-kg-pza-nuec-fenoaduor3k,validar_301_candidato,validar_variante_marca_tamano_codigo
https://artiani.com.mx/producto/Nupec-Croqueta-Costal-Adulto-Nutricion-Canina-Cientifica-8-kg/NUDE-02,/producto/Nupec-Croqueta-Costal-Adulto-Nutricion-Canina-Cientifica-8-kg/NUDE-02,producto,200,"Producto - Nupec Croqueta Costal Adulto Nutricion Canina Cientifica 8 kg",/producto/alimento-croqueta-para-gato-kitten-nupec-3-kg-pza-nuec-fenokien3k,baja,tokens_3,/producto/alimento-croqueta-para-gato-kitten-nupec-1-5-kg-pza-nuec-fenokien1500g,/producto/alimento-croqueta-para-gato-adulto-indoor-nupec-3-kg-pza-nuec-fenoaduor3k,validar_301_candidato,validar_variante_marca_tamano_codigo
https://artiani.com.mx/producto/categoria/accesorios_y_aditamentos_para_hamster,/producto/categoria/accesorios_y_aditamentos_para_hamster,categoria,200,"Categoria - Accesorios y aditamentos para hamster",/categoria/pequenos-mamiferos/hamster/accesorios-y-aditamentos,baja,tokens_3,,,validar_301_candidato,validar_variante_marca_tamano_codigo
https://artiani.com.mx/producto/categoria/aditamentos-y-accesorios-para-tortugas,/producto/categoria/aditamentos-y-accesorios-para-tortugas,categoria,200,"Categoria - Aditamentos-y-accesorios-para-tortugas",/categoria/reptiles-y-tortugas/tortugas/aditamentos-y-accesorios,baja,tokens_3,,,validar_301_candidato,validar_variante_marca_tamano_codigo
https://artiani.com.mx/producto/categoria/camas-casas-y-colchones-para-conejos,/producto/categoria/camas-casas-y-colchones-para-conejos,categoria,200,"Categoria - Camas-casas-y-colchones-para-conejos",/categoria/pequenos-mamiferos/conejo/camas-casas-y-colchones,baja,tokens_3,,,validar_301_candidato,validar_variante_marca_tamano_codigo
https://artiani.com.mx/producto/categoria/camas-casas-y-colchones-para-perros,/producto/categoria/camas-casas-y-colchones-para-perros,categoria,200,"Categoria - Camas-casas-y-colchones-para-perros",/categoria/perros/habitat-y-descanso/camas-y-colchones,baja,tokens_3,/categoria/pequenos-mamiferos/conejo/camas-casas-y-colchones,,validar_301_candidato,validar_variante_marca_tamano_codigo
https://artiani.com.mx/producto/categoria/camas_casas_y_colchones_para_gatos,/producto/categoria/camas_casas_y_colchones_para_gatos,categoria,200,"Categoria - Camas casas y colchones para gatos",/categoria/gatos/habitat-y-descanso/camas-y-colchones,baja,tokens_3,/categoria/pequenos-mamiferos/conejo/camas-casas-y-colchones,,validar_301_candidato,validar_variante_marca_tamano_codigo
https://artiani.com.mx/producto/categoria/decoracion-y-aditamentos-para-reptiles,/producto/categoria/decoracion-y-aditamentos-para-reptiles,categoria,200,"Categoria - Decoracion-y-aditamentos-para-reptiles",/categoria/reptiles-y-tortugas/reptiles-generales/decoracion-y-aditamentos,baja,tokens_3,,,validar_301_candidato,validar_variante_marca_tamano_codigo
https://artiani.com.mx/producto/categoria/jaulas-corrales-y-vallas-para-perros,/producto/categoria/jaulas-corrales-y-vallas-para-perros,categoria,200,"Categoria - Jaulas-corrales-y-vallas-para-perros",/categoria/perros/habitat-y-descanso/corrales-y-vallas,baja,tokens_3,,,validar_301_candidato,validar_variante_marca_tamano_codigo
https://artiani.com.mx/producto/categoria/repuestos_y_aditamentos_para_peceras,/producto/categoria/repuestos_y_aditamentos_para_peceras,categoria,200,"Categoria - Repuestos y aditamentos para peceras",/categoria/acuario-y-peces/repuestos-aditamentos-y-accesorios/repuestos-para-peceras,baja,tokens_3,,,validar_301_candidato,validar_variante_marca_tamano_codigo
https://artiani.com.mx/producto/categoria/salud-e-higiene-para-cuyo,/producto/categoria/salud-e-higiene-para-cuyo,categoria,200,"Categoria - Salud-e-higiene-para-cuyo",/categoria/pequenos-mamiferos/cuyo/salud-e-higiene,baja,tokens_3,/categoria/pequenos-mamiferos/cuyo/salud-e-higiene/sustratos,,validar_301_candidato,validar_variante_marca_tamano_codigo
https://artiani.com.mx/producto/categoria/salud-e-higiene-para-erizo-,/producto/categoria/salud-e-higiene-para-erizo-,categoria,200,"Categoria - Salud-e-higiene-para-erizo-",/categoria/pequenos-mamiferos/erizo/salud-e-higiene,baja,tokens_3,/categoria/pequenos-mamiferos/erizo/salud-e-higiene/sustratos,,validar_301_candidato,validar_variante_marca_tamano_codigo
https://artiani.com.mx/producto/categoria/salud-e-higiene-para-gatos,/producto/categoria/salud-e-higiene-para-gatos,categoria,200,"Categoria - Salud-e-higiene-para-gatos",/categoria/gatos/salud-e-higiene,baja,tokens_3,/categoria/gatos/salud-e-higiene/areneros,/categoria/gatos/salud-e-higiene/higiene-y-limpieza,validar_301_candidato,validar_variante_marca_tamano_codigo
https://artiani.com.mx/producto/categoria/salud_e_higiene_para_perros,/producto/categoria/salud_e_higiene_para_perros,categoria,200,"Categoria - Salud e higiene para perros",/categoria/perros/salud-e-higiene,baja,tokens_3,/categoria/perros/salud-e-higiene/higiene-y-limpieza,/categoria/perros/salud-e-higiene/prevencion-y-cuidado,validar_301_candidato,validar_variante_marca_tamano_codigo
https://artiani.com.mx/carrito/vista_previa,/carrito/vista_previa,desconocido,200,"Carrito - Beay",,,,,,revisar_manual,requiere_revision_manual
https://artiani.com.mx/index.html,/index.html,home,200,"Artiani acuario, artículos para animales y más",,,,,,revisar_manual,requiere_revision_manual
https://artiani.com.mx/producto/-Banera-casa-para-hamster-azul/TINA-01H,/producto/-Banera-casa-para-hamster-azul/TINA-01H,producto,200,"Producto - Banera casa para hamster azul",,,,,,revisar_manual,requiere_revision_manual
https://artiani.com.mx/producto/-Grava-cacahuate-por-costal/GRA-01,/producto/-Grava-cacahuate-por-costal/GRA-01,producto,200,"Producto - Grava cacahuate por costal",,,,,,revisar_manual,requiere_revision_manual
https://artiani.com.mx/producto/Alimento-para-chinchilla-red-/ALICHI-01,/producto/Alimento-para-chinchilla-red-/ALICHI-01,producto,200,"Producto - Alimento para chinchilla red",,,,,,revisar_manual,requiere_revision_manual
https://artiani.com.mx/producto/Alimento-para-erizo-bombyx-grande/ALIE-1.2B,/producto/Alimento-para-erizo-bombyx-grande/ALIE-1.2B,producto,200,"Producto - Alimento para erizo bombyx grande",,,,,,revisar_manual,requiere_revision_manual
https://artiani.com.mx/producto/Alimento-para-erizo-tenebrio-grande/ALIE-1.2T,/producto/Alimento-para-erizo-tenebrio-grande/ALIE-1.2T,producto,200,"Producto - Alimento para erizo tenebrio grande",,,,,,revisar_manual,requiere_revision_manual
https://artiani.com.mx/producto/Alimento-para-huron-premium/ALIU-01,/producto/Alimento-para-huron-premium/ALIU-01,producto,200,"Producto - Alimento para huron premium",,,,,,revisar_manual,requiere_revision_manual
https://artiani.com.mx/producto/Alimento-para-iguana-juvenil-350-gramos-/ALII-03,/producto/Alimento-para-iguana-juvenil-350-gramos-/ALII-03,producto,200,"Producto - Alimento para iguana juvenil 350 gramos",,,,,,revisar_manual,requiere_revision_manual
https://artiani.com.mx/producto/Alimento-para-tortuga-bites-(bolitas)/ALITO-01,/producto/Alimento-para-tortuga-bites-(bolitas)/ALITO-01,producto,200,"Producto - Alimento para tortuga bites (bolitas)",,,,,,revisar_manual,requiere_revision_manual
https://artiani.com.mx/producto/Alimento-para-tortuga-reptil-sticks-300-grs/ALITO-05,/producto/Alimento-para-tortuga-reptil-sticks-300-grs/ALITO-05,producto,200,"Producto - Alimento para tortuga reptil sticks 300 grs",,,,,,revisar_manual,requiere_revision_manual
https://artiani.com.mx/producto/Alimento-para-tortuga-stick-(palitos)/ALITO-02,/producto/Alimento-para-tortuga-stick-(palitos)/ALITO-02,producto,200,"Producto - Alimento para tortuga stick (palitos)",,,,,,revisar_manual,requiere_revision_manual
https://artiani.com.mx/producto/Alimento-para-tortuga-sticks-baby-mini-/ALITO-03,/producto/Alimento-para-tortuga-sticks-baby-mini-/ALITO-03,producto,200,"Producto - Alimento para tortuga sticks baby mini",,,,,,revisar_manual,requiere_revision_manual
https://artiani.com.mx/producto/Alimento_bioflock_artemia_160_grs/ALI-160F,/producto/Alimento_bioflock_artemia_160_grs/ALI-160F,producto,200,"Producto - Alimento_bioflock_artemia_160_grs",,,,,,revisar_manual,requiere_revision_manual
https://artiani.com.mx/producto/Alimento_para_erizo_bombyx_mediano/ALIE-700B,/producto/Alimento_para_erizo_bombyx_mediano/ALIE-700B,producto,200,"Producto - Alimento_para_erizo_bombyx_mediano",,,,,,revisar_manual,requiere_revision_manual
https://artiani.com.mx/producto/Alimento_para_erizo_tenebrio_mediano/ALIE-700T,/producto/Alimento_para_erizo_tenebrio_mediano/ALIE-700T,producto,200,"Producto - Alimento_para_erizo_tenebrio_mediano",,,,,,revisar_manual,requiere_revision_manual
https://artiani.com.mx/producto/Antiacaros-eri-clean-para-erizo-/ANAC-01,/producto/Antiacaros-eri-clean-para-erizo-/ANAC-01,producto,200,"Producto - Antiacaros eri clean para erizo",,,,,,revisar_manual,requiere_revision_manual
https://artiani.com.mx/producto/Arenero-italiano-gris-/ARO-11G,/producto/Arenero-italiano-gris-/ARO-11G,producto,200,"Producto - Arenero italiano gris",,,,,,revisar_manual,requiere_revision_manual
https://artiani.com.mx/producto/Arenero-marco-plus-grande-/ARO-15,/producto/Arenero-marco-plus-grande-/ARO-15,producto,200,"Producto - Arenero marco plus grande",,,,,,revisar_manual,requiere_revision_manual
https://artiani.com.mx/producto/Arenero-plus-azul-/ARO-12,/producto/Arenero-plus-azul-/ARO-12,producto,200,"Producto - Arenero plus azul",,,,,,revisar_manual,requiere_revision_manual
https://artiani.com.mx/producto/Arenero-tapado-verde-/ARO-07,/producto/Arenero-tapado-verde-/ARO-07,producto,200,"Producto - Arenero tapado verde",,,,,,revisar_manual,requiere_revision_manual
https://artiani.com.mx/producto/Atrayente-para-cachorros-/ATRA-01,/producto/Atrayente-para-cachorros-/ATRA-01,producto,200,"Producto - Atrayente para cachorros",,,,,,revisar_manual,requiere_revision_manual
https://artiani.com.mx/producto/Azul-de-metileno-60-ml-/AZUL-02,/producto/Azul-de-metileno-60-ml-/AZUL-02,producto,200,"Producto - Azul de metileno 60 ml",,,,,,revisar_manual,requiere_revision_manual
https://artiani.com.mx/producto/Banera-casa-para-hamster-verde-/TINA-02H,/producto/Banera-casa-para-hamster-verde-/TINA-02H,producto,200,"Producto - Banera casa para hamster verde",,,,,,revisar_manual,requiere_revision_manual
https://artiani.com.mx/producto/Base-panoramica-5-patas-50cm/BASP-05,/producto/Base-panoramica-5-patas-50cm/BASP-05,producto,200,"Producto - Base panoramica 5 patas 50cm",,,,,,revisar_manual,requiere_revision_manual
https://artiani.com.mx/producto/Base-rectangular-de-herreria-para-pecera-60-x-30-cm/BASR-03,/producto/Base-rectangular-de-herreria-para-pecera-60-x-30-cm/BASR-03,producto,200,"Producto - Base rectangular de herreria para pecera 60 x 30 cm",,,,,,revisar_manual,requiere_revision_manual
https://artiani.com.mx/producto/Base-rectangular-de-herreria-para-pecera-de-120-x-30cm/BASR-04,/producto/Base-rectangular-de-herreria-para-pecera-de-120-x-30cm/BASR-04,producto,200,"Producto - Base rectangular de herreria para pecera de 120 x 30cm",,,,,,revisar_manual,requiere_revision_manual
https://artiani.com.mx/producto/Base-rectangular-de-herreria-para-pecera-de-50-x-26-cm/BASR-02,/producto/Base-rectangular-de-herreria-para-pecera-de-50-x-26-cm/BASR-02,producto,200,"Producto - Base rectangular de herreria para pecera de 50 x 26 cm",,,,,,revisar_manual,requiere_revision_manual
https://artiani.com.mx/producto/Bebedero-colores/DIS-B01,/producto/Bebedero-colores/DIS-B01,producto,200,"Producto - Bebedero colores",,,,,,revisar_manual,requiere_revision_manual
https://artiani.com.mx/producto/Bebedero-para-colibri-con-nectar-/COLINEC-01,/producto/Bebedero-para-colibri-con-nectar-/COLINEC-01,producto,200,"Producto - Bebedero para colibri con nectar",,,,,,revisar_manual,requiere_revision_manual
https://artiani.com.mx/producto/Bebedero-para-colibri-rojo-4-flores/COLI-01,/producto/Bebedero-para-colibri-rojo-4-flores/COLI-01,producto,200,"Producto - Bebedero para colibri rojo 4 flores",,,,,,revisar_manual,requiere_revision_manual
https://artiani.com.mx/producto/Bebedero-para-hamster-60-ml/BDRO-01,/producto/Bebedero-para-hamster-60-ml/BDRO-01,producto,200,"Producto - Bebedero para hamster 60 ml",,,,,,revisar_manual,requiere_revision_manual
https://artiani.com.mx/producto/Bebedero_para_perro_elegant_/DIS-04,/producto/Bebedero_para_perro_elegant_/DIS-04,producto,200,"Producto - Bebedero_para_perro_elegant_",,,,,,revisar_manual,requiere_revision_manual
https://artiani.com.mx/producto/Bebedero_perros_o_gatos_3.8_litros/DIS-B02,/producto/Bebedero_perros_o_gatos_3.8_litros/DIS-B02,producto,200,"Producto - Bebedero_perros_o_gatos_3.8_litros",,,,,,revisar_manual,requiere_revision_manual
https://artiani.com.mx/producto/Bomba-de-aire-1-salida-/AIR-01,/producto/Bomba-de-aire-1-salida-/AIR-01,producto,200,"Producto - Bomba de aire 1 salida",,,,,,revisar_manual,requiere_revision_manual
https://artiani.com.mx/producto/Bomba-sumergible-1.2-m-/BS-120,/producto/Bomba-sumergible-1.2-m-/BS-120,producto,200,"Producto - Bomba sumergible 1.2 m",,,,,,revisar_manual,requiere_revision_manual
https://artiani.com.mx/producto/Bomba-sumergible-3.2-m-/BS-320,/producto/Bomba-sumergible-3.2-m-/BS-320,producto,200,"Producto - Bomba sumergible 3.2 m",,,,,,revisar_manual,requiere_revision_manual
https://artiani.com.mx/producto/Bomba-sumergible-3.5-/BS-350,/producto/Bomba-sumergible-3.5-/BS-350,producto,200,"Producto - Bomba sumergible 3.5",,,,,,revisar_manual,requiere_revision_manual
https://artiani.com.mx/producto/Bomba-sumergible-4-m-/BS-400,/producto/Bomba-sumergible-4-m-/BS-400,producto,200,"Producto - Bomba sumergible 4 m",,,,,,revisar_manual,requiere_revision_manual
https://artiani.com.mx/producto/Calentador-(termostato)-300-watts/CAL-S06,/producto/Calentador-(termostato)-300-watts/CAL-S06,producto,200,"Producto - Calentador (termostato) 300 watts",,,,,,revisar_manual,requiere_revision_manual
https://artiani.com.mx/producto/Calentador-(termostato)-eco-25w/CAL-01,/producto/Calentador-(termostato)-eco-25w/CAL-01,producto,200,"Producto - Calentador (termostato) eco 25w",,,,,,revisar_manual,requiere_revision_manual
https://artiani.com.mx/producto/Calentador-(termostato)-eco-50w/CAL-03,/producto/Calentador-(termostato)-eco-50w/CAL-03,producto,200,"Producto - Calentador (termostato) eco 50w",,,,,,revisar_manual,requiere_revision_manual
https://artiani.com.mx/producto/Calentador-fijo-mini-35w/TER-01,/producto/Calentador-fijo-mini-35w/TER-01,producto,200,"Producto - Calentador fijo mini 35w",,,,,,revisar_manual,requiere_revision_manual
https://artiani.com.mx/producto/Cama_antiestres_chica_para_mascotas/CAMC-01,/producto/Cama_antiestres_chica_para_mascotas/CAMC-01,producto,200,"Producto - Cama_antiestres_chica_para_mascotas",,,,,,revisar_manual,requiere_revision_manual
https://artiani.com.mx/producto/Cama_antiestres_chica_para_mascotas/CAMC-02,/producto/Cama_antiestres_chica_para_mascotas/CAMC-02,producto,200,"Producto - Cama_antiestres_chica_para_mascotas",,,,,,revisar_manual,requiere_revision_manual
https://artiani.com.mx/producto/Cama_antiestres_chica_para_mascotas/index.html,/producto/Cama_antiestres_chica_para_mascotas/index.html,producto,200,"Producto - Cama_antiestres_chica_para_mascotas",,,,,,revisar_manual,requiere_revision_manual
https://artiani.com.mx/producto/Cama_antiestres_chica_para_mascotas_/CAMC-04,/producto/Cama_antiestres_chica_para_mascotas_/CAMC-04,producto,200,"Producto - Cama_antiestres_chica_para_mascotas_",,,,,,revisar_manual,requiere_revision_manual
https://artiani.com.mx/producto/Cama_antiestres_chica_para_mascotas_/index.html,/producto/Cama_antiestres_chica_para_mascotas_/index.html,producto,200,"Producto - Cama_antiestres_chica_para_mascotas_",,,,,,revisar_manual,requiere_revision_manual
https://artiani.com.mx/producto/Cama_antiestres_mediana_para_perros_y_gatos/CAMM-07,/producto/Cama_antiestres_mediana_para_perros_y_gatos/CAMM-07,producto,200,"Producto - Cama_antiestres_mediana_para_perros_y_gatos",,,,,,revisar_manual,requiere_revision_manual
https://artiani.com.mx/producto/Cama_antiestres_mediana_para_perros_y_gatos/index.html,/producto/Cama_antiestres_mediana_para_perros_y_gatos/index.html,producto,200,"Producto - Cama_antiestres_mediana_para_perros_y_gatos",,,,,,revisar_manual,requiere_revision_manual
https://artiani.com.mx/producto/Canutillos_anillos_de_ceramica_/CANC-01,/producto/Canutillos_anillos_de_ceramica_/CANC-01,producto,200,"Producto - Canutillos_anillos_de_ceramica_",,,,,,revisar_manual,requiere_revision_manual
https://artiani.com.mx/producto/Carda-de-goma-almo/CAR-03,/producto/Carda-de-goma-almo/CAR-03,producto,200,"Producto - Carda de goma almo",,,,,,revisar_manual,requiere_revision_manual
https://artiani.com.mx/producto/Carda-de-goma-cepi/CAR-04,/producto/Carda-de-goma-cepi/CAR-04,producto,200,"Producto - Carda de goma cepi",,,,,,revisar_manual,requiere_revision_manual
https://artiani.com.mx/producto/Carda-de-goma-para-mascotas-/CAR-02,/producto/Carda-de-goma-para-mascotas-/CAR-02,producto,200,"Producto - Carda de goma para mascotas",,,,,,revisar_manual,requiere_revision_manual
https://artiani.com.mx/producto/Carda-puntas-cubiertas-mediana-/CAR-06,/producto/Carda-puntas-cubiertas-mediana-/CAR-06,producto,200,"Producto - Carda puntas cubiertas mediana",,,,,,revisar_manual,requiere_revision_manual
https://artiani.com.mx/producto/Carda-puntas-cubiertas-mini/CAR-07,/producto/Carda-puntas-cubiertas-mini/CAR-07,producto,200,"Producto - Carda puntas cubiertas mini",,,,,,revisar_manual,requiere_revision_manual
https://artiani.com.mx/producto/Carda-roja-chica-para-mascotas-/CAR-01,/producto/Carda-roja-chica-para-mascotas-/CAR-01,producto,200,"Producto - Carda roja chica para mascotas",,,,,,revisar_manual,requiere_revision_manual
https://artiani.com.mx/producto/Casa-foggy-mediana-para-perros-/CASI-03,/producto/Casa-foggy-mediana-para-perros-/CASI-03,producto,200,"Producto - Casa foggy mediana para perros",,,,,,revisar_manual,requiere_revision_manual
https://artiani.com.mx/producto/Casa-inova-chica-roja-/CASI-02,/producto/Casa-inova-chica-roja-/CASI-02,producto,200,"Producto - Casa inova chica roja",,,,,,revisar_manual,requiere_revision_manual
https://artiani.com.mx/producto/Casa-inova-extra-chica-azul-/CAS-04,/producto/Casa-inova-extra-chica-azul-/CAS-04,producto,200,"Producto - Casa inova extra chica azul",,,,,,revisar_manual,requiere_revision_manual
https://artiani.com.mx/producto/Casa-o-arenero-residencial-/CAS-02,/producto/Casa-o-arenero-residencial-/CAS-02,producto,200,"Producto - Casa o arenero residencial",,,,,,revisar_manual,requiere_revision_manual
https://artiani.com.mx/producto/Catnip-menta-para-gatos/CAT-02,/producto/Catnip-menta-para-gatos/CAT-02,producto,200,"Producto - Catnip menta para gatos",,,,,,revisar_manual,requiere_revision_manual
https://artiani.com.mx/producto/Cepillo-de-limpieza-/CEP-01,/producto/Cepillo-de-limpieza-/CEP-01,producto,200,"Producto - Cepillo de limpieza",,,,,,revisar_manual,requiere_revision_manual
https://artiani.com.mx/producto/Comedero-para-perro-elegant-/DIS-04,/producto/Comedero-para-perro-elegant-/DIS-04,producto,200,"Producto - Comedero para perro elegant",,,,,,revisar_manual,requiere_revision_manual
https://artiani.com.mx/producto/Comedero-para-reptil-chico/TA-02,/producto/Comedero-para-reptil-chico/TA-02,producto,200,"Producto - Comedero para reptil chico",,,,,,revisar_manual,requiere_revision_manual
https://artiani.com.mx/producto/Comedero-para-reptil-mediano/TA-01,/producto/Comedero-para-reptil-mediano/TA-01,producto,200,"Producto - Comedero para reptil mediano",,,,,,revisar_manual,requiere_revision_manual
https://artiani.com.mx/producto/Conejina-alimento-agranel-/CONEJINA-40KG,/producto/Conejina-alimento-agranel-/CONEJINA-40KG,producto,200,"Producto - Conejina alimento agranel",,,,,,revisar_manual,requiere_revision_manual
https://artiani.com.mx/producto/Cristalize-aclarador-de-agua-para-acuarios/CRYS-30,/producto/Cristalize-aclarador-de-agua-para-acuarios/CRYS-30,producto,200,"Producto - Cristalize aclarador de agua para acuarios",,,,,,revisar_manual,requiere_revision_manual
https://artiani.com.mx/producto/Dental-kit-para-perros/DEN-01,/producto/Dental-kit-para-perros/DEN-01,producto,200,"Producto - Dental kit para perros",,,,,,revisar_manual,requiere_revision_manual
https://artiani.com.mx/producto/Esquinero-bano-rectagular--blanco/CON-01,/producto/Esquinero-bano-rectagular--blanco/CON-01,producto,200,"Producto - Esquinero bano rectagular blanco",,,,,,revisar_manual,requiere_revision_manual
https://artiani.com.mx/producto/Esquinero-bano-rectangular-/CON-01A,/producto/Esquinero-bano-rectangular-/CON-01A,producto,200,"Producto - Esquinero bano rectangular",,,,,,revisar_manual,requiere_revision_manual
https://artiani.com.mx/producto/Extracto-de-catnip-en-spray-para-gatos-/CAT-03,/producto/Extracto-de-catnip-en-spray-para-gatos-/CAT-03,producto,200,"Producto - Extracto de catnip en spray para gatos",,,,,,revisar_manual,requiere_revision_manual
https://artiani.com.mx/producto/Filtro-Cascada-100/FILCC-04,/producto/Filtro-Cascada-100/FILCC-04,producto,200,"Producto - Filtro Cascada 100",,,,,,revisar_manual,requiere_revision_manual
https://artiani.com.mx/producto/Filtro-Cascada-300/FILCC-05,/producto/Filtro-Cascada-300/FILCC-05,producto,200,"Producto - Filtro Cascada 300",,,,,,revisar_manual,requiere_revision_manual
https://artiani.com.mx/producto/Foco-UVB-13w-desierto/FLOR-11,/producto/Foco-UVB-13w-desierto/FLOR-11,producto,200,"Producto - Foco UVB 13w desierto",,,,,,revisar_manual,requiere_revision_manual
https://artiani.com.mx/producto/Foco-de-dia-para-reptil-150w-/FLOR-05,/producto/Foco-de-dia-para-reptil-150w-/FLOR-05,producto,200,"Producto - Foco de dia para reptil 150w",,,,,,revisar_manual,requiere_revision_manual
https://artiani.com.mx/producto/Foco-de-dia-para-reptil-60w/FOR-01,/producto/Foco-de-dia-para-reptil-60w/FOR-01,producto,200,"Producto - Foco de dia para reptil 60w",,,,,,revisar_manual,requiere_revision_manual
https://artiani.com.mx/producto/Foco-de-noche-para-reptil-75w-/FLOR-06,/producto/Foco-de-noche-para-reptil-75w-/FLOR-06,producto,200,"Producto - Foco de noche para reptil 75w",,,,,,revisar_manual,requiere_revision_manual
https://artiani.com.mx/producto/Grava-negra-por-costal-/GRA-05,/producto/Grava-negra-por-costal-/GRA-05,producto,200,"Producto - Grava negra por costal",,,,,,revisar_manual,requiere_revision_manual
https://artiani.com.mx/producto/Grava-roja-para-acuario-por-costal/GRA-02,/producto/Grava-roja-para-acuario-por-costal/GRA-02,producto,200,"Producto - Grava roja para acuario por costal",,,,,,revisar_manual,requiere_revision_manual
https://artiani.com.mx/producto/Grillo-por-millar-a-granel-/GRI-01,/producto/Grillo-por-millar-a-granel-/GRI-01,producto,200,"Producto - Grillo por millar a granel",,,,,,revisar_manual,requiere_revision_manual
https://artiani.com.mx/producto/Isla-para-tortuguero-circular/ISLA-01,/producto/Isla-para-tortuguero-circular/ISLA-01,producto,200,"Producto - Isla para tortuguero circular",,,,,,revisar_manual,requiere_revision_manual
https://artiani.com.mx/producto/Isla-para-tortuguero-rampa/ISLA-02,/producto/Isla-para-tortuguero-rampa/ISLA-02,producto,200,"Producto - Isla para tortuguero rampa",,,,,,revisar_manual,requiere_revision_manual
https://artiani.com.mx/producto/Jaula-baral-amarilla--para-pajaro/JARO-02AM,/producto/Jaula-baral-amarilla--para-pajaro/JARO-02AM,producto,200,"Producto - Jaula baral amarilla para pajaro",,,,,,revisar_manual,requiere_revision_manual
https://artiani.com.mx/producto/Jaula-baral-verde-para-pajaro/JARO-02VE,/producto/Jaula-baral-verde-para-pajaro/JARO-02VE,producto,200,"Producto - Jaula baral verde para pajaro",,,,,,revisar_manual,requiere_revision_manual
https://artiani.com.mx/producto/Jaula-de-hamster-lux-verde-/JHA-05VE,/producto/Jaula-de-hamster-lux-verde-/JHA-05VE,producto,200,"Producto - Jaula de hamster lux verde",,,,,,revisar_manual,requiere_revision_manual
https://artiani.com.mx/producto/Jaula-hamster-con-tubos-57-x-31-x-29-cm-/JHA-15,/producto/Jaula-hamster-con-tubos-57-x-31-x-29-cm-/JHA-15,producto,200,"Producto - Jaula hamster con tubos 57 x 31 x 29 cm",,,,,,revisar_manual,requiere_revision_manual
https://artiani.com.mx/producto/Jaula-hamster-residencial-amarilla/JHA-26,/producto/Jaula-hamster-residencial-amarilla/JHA-26,producto,200,"Producto - Jaula hamster residencial amarilla",,,,,,revisar_manual,requiere_revision_manual
https://artiani.com.mx/producto/Jaula-hamster-residencial-azul/JHA-25,/producto/Jaula-hamster-residencial-azul/JHA-25,producto,200,"Producto - Jaula hamster residencial azul",,,,,,revisar_manual,requiere_revision_manual
https://artiani.com.mx/producto/Jaula-metalica-plegable-con-division--121-x-75-x-86-cm-/JAM-03,/producto/Jaula-metalica-plegable-con-division--121-x-75-x-86-cm-/JAM-03,producto,200,"Producto - Jaula metalica plegable con division 121 x 75 x 86 cm",,,,,,revisar_manual,requiere_revision_manual
https://artiani.com.mx/producto/Jaula-metalica-plegable-con-division-63-x-44-x-50-cm/JAM-01,/producto/Jaula-metalica-plegable-con-division-63-x-44-x-50-cm/JAM-01,producto,200,"Producto - Jaula metalica plegable con division 63 x 44 x 50 cm",,,,,,revisar_manual,requiere_revision_manual
https://artiani.com.mx/producto/Jaula-metalica-plegable-con-division-92-x-56.5-x-66-cm/JAM-02,/producto/Jaula-metalica-plegable-con-division-92-x-56.5-x-66-cm/JAM-02,producto,200,"Producto - Jaula metalica plegable con division 92 x 56.5 x 66 cm",,,,,,revisar_manual,requiere_revision_manual
https://artiani.com.mx/producto/Jaula-mini-casa-azul-para-pajaro/JARO-06AZ,/producto/Jaula-mini-casa-azul-para-pajaro/JARO-06AZ,producto,200,"Producto - Jaula mini casa azul para pajaro",,,,,,revisar_manual,requiere_revision_manual
https://artiani.com.mx/producto/Jaula-mini-casa-verde-para-pajaro/JARO-06VE,/producto/Jaula-mini-casa-verde-para-pajaro/JARO-06VE,producto,200,"Producto - Jaula mini casa verde para pajaro",,,,,,revisar_manual,requiere_revision_manual
https://artiani.com.mx/producto/Jaula-para-mamifero-3-niveles/JCO-07,/producto/Jaula-para-mamifero-3-niveles/JCO-07,producto,200,"Producto - Jaula para mamifero 3 niveles",,,,,,revisar_manual,requiere_revision_manual
https://artiani.com.mx/producto/Jaula-para-mamifero-decan-rosa-/JCO-04R,/producto/Jaula-para-mamifero-decan-rosa-/JCO-04R,producto,200,"Producto - Jaula para mamifero decan rosa",,,,,,revisar_manual,requiere_revision_manual
https://artiani.com.mx/producto/Jaula-para-mamifero-decan-verde-/JCO-04V,/producto/Jaula-para-mamifero-decan-verde-/JCO-04V,producto,200,"Producto - Jaula para mamifero decan verde",,,,,,revisar_manual,requiere_revision_manual
https://artiani.com.mx/producto/Jaula-para-mamifero-decan/JCO-04,/producto/Jaula-para-mamifero-decan/JCO-04,producto,200,"Producto - Jaula para mamifero decan",,,,,,revisar_manual,requiere_revision_manual
https://artiani.com.mx/producto/Jaula-para-mamifero-despar/JCO-01,/producto/Jaula-para-mamifero-despar/JCO-01,producto,200,"Producto - Jaula para mamifero despar",,,,,,revisar_manual,requiere_revision_manual
https://artiani.com.mx/producto/Jaula-plegable-con-charola-/JAM-05,/producto/Jaula-plegable-con-charola-/JAM-05,producto,200,"Producto - Jaula plegable con charola",,,,,,revisar_manual,requiere_revision_manual
https://artiani.com.mx/producto/Juguete-cana-de-pescar-verde/JUGG-04,/producto/Juguete-cana-de-pescar-verde/JUGG-04,producto,200,"Producto - Juguete cana de pescar verde",,,,,,revisar_manual,requiere_revision_manual
https://artiani.com.mx/producto/Juguete-para-aves-calcio-mediano/JUP-03,/producto/Juguete-para-aves-calcio-mediano/JUP-03,producto,200,"Producto - Juguete para aves calcio mediano",,,,,,revisar_manual,requiere_revision_manual
https://artiani.com.mx/producto/Juguete-para-aves-calcio-sencillo-/JUP-01,/producto/Juguete-para-aves-calcio-sencillo-/JUP-01,producto,200,"Producto - Juguete para aves calcio sencillo",,,,,,revisar_manual,requiere_revision_manual
https://artiani.com.mx/producto/Juguete-pelota-con-sonido-sonaja-para-gato-/JUGG-03,/producto/Juguete-pelota-con-sonido-sonaja-para-gato-/JUGG-03,producto,200,"Producto - Juguete pelota con sonido sonaja para gato",,,,,,revisar_manual,requiere_revision_manual
https://artiani.com.mx/producto/Juguete-pelota-de-goma-para-gato-/JUGG-01,/producto/Juguete-pelota-de-goma-para-gato-/JUGG-01,producto,200,"Producto - Juguete pelota de goma para gato",,,,,,revisar_manual,requiere_revision_manual
https://artiani.com.mx/producto/Juguete-pelota-de-tenis-chica-/JUG-07,/producto/Juguete-pelota-de-tenis-chica-/JUG-07,producto,200,"Producto - Juguete pelota de tenis chica",,,,,,revisar_manual,requiere_revision_manual
https://artiani.com.mx/producto/Juguete-scruch-papas-para-perro/JUG-19,/producto/Juguete-scruch-papas-para-perro/JUG-19,producto,200,"Producto - Juguete scruch papas para perro",,,,,,revisar_manual,requiere_revision_manual
https://artiani.com.mx/producto/Juguete-scrunch-fuego-para-perro/JUG-16,/producto/Juguete-scrunch-fuego-para-perro/JUG-16,producto,200,"Producto - Juguete scrunch fuego para perro",,,,,,revisar_manual,requiere_revision_manual
https://artiani.com.mx/producto/Juguete-scrunch-queso-para-perro/JUG-10,/producto/Juguete-scrunch-queso-para-perro/JUG-10,producto,200,"Producto - Juguete scrunch queso para perro",,,,,,revisar_manual,requiere_revision_manual
https://artiani.com.mx/producto/Juguete_para_aves_calcio_triple_/JUP-02,/producto/Juguete_para_aves_calcio_triple_/JUP-02,producto,200,"Producto - Juguete_para_aves_calcio_triple_",,,,,,revisar_manual,requiere_revision_manual
https://artiani.com.mx/producto/Lampara-nano-led-con-clip/LANO-01,/producto/Lampara-nano-led-con-clip/LANO-01,producto,200,"Producto - Lampara nano led con clip",,,,,,revisar_manual,requiere_revision_manual
https://artiani.com.mx/producto/Lampara-panoramica-50-x-35-cm-/LAMP-TP02,/producto/Lampara-panoramica-50-x-35-cm-/LAMP-TP02,producto,200,"Producto - Lampara panoramica 50 x 35 cm",,,,,,revisar_manual,requiere_revision_manual
https://artiani.com.mx/producto/Lampara-rectangular-con-tapa-50-x-26-cm/LAM-TR01,/producto/Lampara-rectangular-con-tapa-50-x-26-cm/LAM-TR01,producto,200,"Producto - Lampara rectangular con tapa 50 x 26 cm",,,,,,revisar_manual,requiere_revision_manual
https://artiani.com.mx/producto/Lampara-rectangular-de-tapa-50-x-26-cm-/LAM-TR02,/producto/Lampara-rectangular-de-tapa-50-x-26-cm-/LAM-TR02,producto,200,"Producto - Lampara rectangular de tapa 50 x 26 cm",,,,,,revisar_manual,requiere_revision_manual
https://artiani.com.mx/producto/Larva-de-mosca-soldado/ALIL-01,/producto/Larva-de-mosca-soldado/ALIL-01,producto,200,"Producto - Larva de mosca soldado",,,,,,revisar_manual,requiere_revision_manual
https://artiani.com.mx/producto/Leche-para-cachorrros-/LECH-01,/producto/Leche-para-cachorrros-/LECH-01,producto,200,"Producto - Leche para cachorrros",,,,,,revisar_manual,requiere_revision_manual
https://artiani.com.mx/producto/Mascotera-transportadora-extragrande-/MAS-05,/producto/Mascotera-transportadora-extragrande-/MAS-05,producto,200,"Producto - Mascotera transportadora extragrande",,,,,,revisar_manual,requiere_revision_manual
https://artiani.com.mx/producto/Mascotera-transportadora-grande/MAS-04,/producto/Mascotera-transportadora-grande/MAS-04,producto,200,"Producto - Mascotera transportadora grande",,,,,,revisar_manual,requiere_revision_manual
https://artiani.com.mx/producto/Mochila-liberty-para-mascotas/MOC-02,/producto/Mochila-liberty-para-mascotas/MOC-02,producto,200,"Producto - Mochila liberty para mascotas",,,,,,revisar_manual,requiere_revision_manual
https://artiani.com.mx/producto/Mochila-transportadora-transparente-azul-rey/MOC-01AZ,/producto/Mochila-transportadora-transparente-azul-rey/MOC-01AZ,producto,200,"Producto - Mochila transportadora transparente azul rey",,,,,,revisar_manual,requiere_revision_manual
https://artiani.com.mx/producto/Mochila-transportadora-transparente-gris/MOC-01GR,/producto/Mochila-transportadora-transparente-gris/MOC-01GR,producto,200,"Producto - Mochila transportadora transparente gris",,,,,,revisar_manual,requiere_revision_manual
https://artiani.com.mx/producto/Mochila-transportadora-transparente-negra/MOC-01NE,/producto/Mochila-transportadora-transparente-negra/MOC-01NE,producto,200,"Producto - Mochila transportadora transparente negra",,,,,,revisar_manual,requiere_revision_manual
https://artiani.com.mx/producto/Nectar-para-colibri-chico/NEC-01,/producto/Nectar-para-colibri-chico/NEC-01,producto,200,"Producto - Nectar para colibri chico",,,,,,revisar_manual,requiere_revision_manual
https://artiani.com.mx/producto/Nectar-para-colibri-polvo-/NEC-02,/producto/Nectar-para-colibri-polvo-/NEC-02,producto,200,"Producto - Nectar para colibri polvo",,,,,,revisar_manual,requiere_revision_manual
https://artiani.com.mx/producto/Neutralizador-de-olores-para-areneros-/NEU-01,/producto/Neutralizador-de-olores-para-areneros-/NEU-01,producto,200,"Producto - Neutralizador de olores para areneros",,,,,,revisar_manual,requiere_revision_manual
https://artiani.com.mx/producto/Palo-de-plastico-para-jualas-de-aves-mediano-/PAL-02,/producto/Palo-de-plastico-para-jualas-de-aves-mediano-/PAL-02,producto,200,"Producto - Palo de plastico para jualas de aves mediano",,,,,,revisar_manual,requiere_revision_manual
https://artiani.com.mx/producto/Pasto-para-gatos-en-cajita-/PAS-01,/producto/Pasto-para-gatos-en-cajita-/PAS-01,producto,200,"Producto - Pasto para gatos en cajita",,,,,,revisar_manual,requiere_revision_manual
https://artiani.com.mx/producto/Pecera-imen-con-mueble-con-marcos-aleman-/PERM-01,/producto/Pecera-imen-con-mueble-con-marcos-aleman-/PERM-01,producto,200,"Producto - Pecera imen con mueble con marcos aleman",,,,,,revisar_manual,requiere_revision_manual
https://artiani.com.mx/producto/Pecera-panoramica-250-litros-/PEP-05,/producto/Pecera-panoramica-250-litros-/PEP-05,producto,200,"Producto - Pecera panoramica 250 litros",,,,,,revisar_manual,requiere_revision_manual
https://artiani.com.mx/producto/Pecera-panoramica-52-x-37-x-60-cm-altura-100-litros-6-mm/PERA-P5060,/producto/Pecera-panoramica-52-x-37-x-60-cm-altura-100-litros-6-mm/PERA-P5060,producto,200,"Producto - Pecera panoramica 52 x 37 x 60 cm altura 100 litros 6 mm",,,,,,revisar_manual,requiere_revision_manual
https://artiani.com.mx/producto/Pecera-rectangular-102.5-x-26-x-50-cm-altura-130-litros-6-mm/PERA-10050,/producto/Pecera-rectangular-102.5-x-26-x-50-cm-altura-130-litros-6-mm/PERA-10050,producto,200,"Producto - Pecera rectangular 102.5 x 26 x 50 cm altura 130 litros 6 mm",,,,,,revisar_manual,requiere_revision_manual
https://artiani.com.mx/producto/Pecera-rectangular-2lts-equipo-basico/PERE-01,/producto/Pecera-rectangular-2lts-equipo-basico/PERE-01,producto,200,"Producto - Pecera rectangular 2lts equipo basico",,,,,,revisar_manual,requiere_revision_manual
https://artiani.com.mx/producto/Pecera-rectangular-equipada-4-litros/PERE-02,/producto/Pecera-rectangular-equipada-4-litros/PERE-02,producto,200,"Producto - Pecera rectangular equipada 4 litros",,,,,,revisar_manual,requiere_revision_manual
https://artiani.com.mx/producto/Pecera-rectangular-equipo-basico-130lts/PERE-08,/producto/Pecera-rectangular-equipo-basico-130lts/PERE-08,producto,200,"Producto - Pecera rectangular equipo basico 130lts",,,,,,revisar_manual,requiere_revision_manual
https://artiani.com.mx/producto/Pecera-rectangular-triple-9-litros-equipo-basico/PERE-06,/producto/Pecera-rectangular-triple-9-litros-equipo-basico/PERE-06,producto,200,"Producto - Pecera rectangular triple 9 litros equipo basico",,,,,,revisar_manual,requiere_revision_manual
https://artiani.com.mx/producto/Poster-piedramar-60cm-por-rollo-/POS-01,/producto/Poster-piedramar-60cm-por-rollo-/POS-01,producto,200,"Producto - Poster piedramar 60cm por rollo",,,,,,revisar_manual,requiere_revision_manual
https://artiani.com.mx/producto/Rascadero-colgante-chango/RAS-02CH,/producto/Rascadero-colgante-chango/RAS-02CH,producto,200,"Producto - Rascadero colgante chango",,,,,,revisar_manual,requiere_revision_manual
https://artiani.com.mx/producto/Rascadero-colgante-jirafa/RAS-02,/producto/Rascadero-colgante-jirafa/RAS-02,producto,200,"Producto - Rascadero colgante jirafa",,,,,,revisar_manual,requiere_revision_manual
https://artiani.com.mx/producto/Rascadero-mich-sencillo-rosa/RAS-07M,/producto/Rascadero-mich-sencillo-rosa/RAS-07M,producto,200,"Producto - Rascadero mich sencillo rosa",,,,,,revisar_manual,requiere_revision_manual
https://artiani.com.mx/producto/Rascadero-poste-para-gato/RAS-01,/producto/Rascadero-poste-para-gato/RAS-01,producto,200,"Producto - Rascadero poste para gato",,,,,,revisar_manual,requiere_revision_manual
https://artiani.com.mx/producto/Rasqueta-limpiadora-para-peceras/RASQ-01,/producto/Rasqueta-limpiadora-para-peceras/RASQ-01,producto,200,"Producto - Rasqueta limpiadora para peceras",,,,,,revisar_manual,requiere_revision_manual
https://artiani.com.mx/producto/Repelente-dry-entrenador-para-perro-/REPE-03,/producto/Repelente-dry-entrenador-para-perro-/REPE-03,producto,200,"Producto - Repelente dry entrenador para perro",,,,,,revisar_manual,requiere_revision_manual
https://artiani.com.mx/producto/Repelente-entrenador-para-perro/REPE-01,/producto/Repelente-entrenador-para-perro/REPE-01,producto,200,"Producto - Repelente entrenador para perro",,,,,,revisar_manual,requiere_revision_manual
https://artiani.com.mx/producto/Repelente-entrenador-stay--para-perros-/REPE-02,/producto/Repelente-entrenador-stay--para-perros-/REPE-02,producto,200,"Producto - Repelente entrenador stay para perros",,,,,,revisar_manual,requiere_revision_manual
https://artiani.com.mx/producto/Rodaja-snack-para-roedores-/TAR-02,/producto/Rodaja-snack-para-roedores-/TAR-02,producto,200,"Producto - Rodaja snack para roedores",,,,,,revisar_manual,requiere_revision_manual
https://artiani.com.mx/producto/Rueda-para-hamster-con-base-amarilla/RUE-02A,/producto/Rueda-para-hamster-con-base-amarilla/RUE-02A,producto,200,"Producto - Rueda para hamster con base amarilla",,,,,,revisar_manual,requiere_revision_manual
https://artiani.com.mx/producto/Shampoo-para-erizo-champuas-/SHAE-01,/producto/Shampoo-para-erizo-champuas-/SHAE-01,producto,200,"Producto - Shampoo para erizo champuas",,,,,,revisar_manual,requiere_revision_manual
https://artiani.com.mx/producto/Snack-mini-bites-mezcla-de-hierbas-finas-/BITE-01,/producto/Snack-mini-bites-mezcla-de-hierbas-finas-/BITE-01,producto,200,"Producto - Snack mini bites mezcla de hierbas finas",,,,,,revisar_manual,requiere_revision_manual
https://artiani.com.mx/producto/Snack-mix-tropical-para-rodeores/MEZ-03,/producto/Snack-mix-tropical-para-rodeores/MEZ-03,producto,200,"Producto - Snack mix tropical para rodeores",,,,,,revisar_manual,requiere_revision_manual
https://artiani.com.mx/producto/Sustrato-organico-para-reptil-fibra-de-coco-2.1-Gal/SUT-04,/producto/Sustrato-organico-para-reptil-fibra-de-coco-2.1-Gal/SUT-04,producto,200,"Producto - Sustrato organico para reptil fibra de coco 2.1 Gal",,,,,,revisar_manual,requiere_revision_manual
https://artiani.com.mx/producto/Sustrato-organico-para-reptil-polvillo-de-coco/SUT-05,/producto/Sustrato-organico-para-reptil-polvillo-de-coco/SUT-05,producto,200,"Producto - Sustrato organico para reptil polvillo de coco",,,,,,revisar_manual,requiere_revision_manual
https://artiani.com.mx/producto/Tapa-para-pecera-50-cm-de-malla/TAPI-01,/producto/Tapa-para-pecera-50-cm-de-malla/TAPI-01,producto,200,"Producto - Tapa para pecera 50 cm de malla",,,,,,revisar_manual,requiere_revision_manual
https://artiani.com.mx/producto/Tapa-para-pecera-de-40-cm-de-malla/TAPI-02,/producto/Tapa-para-pecera-de-40-cm-de-malla/TAPI-02,producto,200,"Producto - Tapa para pecera de 40 cm de malla",,,,,,revisar_manual,requiere_revision_manual
https://artiani.com.mx/producto/Tapa-para-pecera-de-plastico-con-puerta-40-cm/TAP-02,/producto/Tapa-para-pecera-de-plastico-con-puerta-40-cm/TAP-02,producto,200,"Producto - Tapa para pecera de plastico con puerta 40 cm",,,,,,revisar_manual,requiere_revision_manual
https://artiani.com.mx/producto/Tapa-para-pecera-de-platico-con-puerta-50cm/TAP-01,/producto/Tapa-para-pecera-de-platico-con-puerta-50cm/TAP-01,producto,200,"Producto - Tapa para pecera de platico con puerta 50cm",,,,,,revisar_manual,requiere_revision_manual
https://artiani.com.mx/producto/Tapete-entrenador-chico-para-perro-/TAPS-01,/producto/Tapete-entrenador-chico-para-perro-/TAPS-01,producto,200,"Producto - Tapete entrenador chico para perro",,,,,,revisar_manual,requiere_revision_manual
https://artiani.com.mx/producto/Tarta-preminum-snack-para-roedores-/TAR-01,/producto/Tarta-preminum-snack-para-roedores-/TAR-01,producto,200,"Producto - Tarta preminum snack para roedores",,,,,,revisar_manual,requiere_revision_manual
https://artiani.com.mx/producto/Tazon-con-abrazadera-20-Oz-para-jaula/PACO-03,/producto/Tazon-con-abrazadera-20-Oz-para-jaula/PACO-03,producto,200,"Producto - Tazon con abrazadera 20 Oz para jaula",,,,,,revisar_manual,requiere_revision_manual
https://artiani.com.mx/producto/Tazon-con-abrazadera-30-Oz-para-jaula/PACO-04,/producto/Tazon-con-abrazadera-30-Oz-para-jaula/PACO-04,producto,200,"Producto - Tazon con abrazadera 30 Oz para jaula",,,,,,revisar_manual,requiere_revision_manual
https://artiani.com.mx/producto/Tazon-con-abrazadera-para-jaula-10-Oz/PACO-02,/producto/Tazon-con-abrazadera-para-jaula-10-Oz/PACO-02,producto,200,"Producto - Tazon con abrazadera para jaula 10 Oz",,,,,,revisar_manual,requiere_revision_manual
https://artiani.com.mx/producto/Tazon_circulo_comedero_lento/TAZ-03,/producto/Tazon_circulo_comedero_lento/TAZ-03,producto,200,"Producto - Tazon_circulo_comedero_lento",,,,,,revisar_manual,requiere_revision_manual
https://artiani.com.mx/producto/Tazon_doble_para_perros_y_gatos_/TAZ-1,/producto/Tazon_doble_para_perros_y_gatos_/TAZ-1,producto,200,"Producto - Tazon_doble_para_perros_y_gatos_",,,,,,revisar_manual,requiere_revision_manual
https://artiani.com.mx/producto/Tazon_duo_hueso_/TAZ-02,/producto/Tazon_duo_hueso_/TAZ-02,producto,200,"Producto - Tazon_duo_hueso_",,,,,,revisar_manual,requiere_revision_manual
https://artiani.com.mx/producto/Tazon_duo_pez/TAZ-04,/producto/Tazon_duo_pez/TAZ-04,producto,200,"Producto - Tazon_duo_pez",,,,,,revisar_manual,requiere_revision_manual
https://artiani.com.mx/producto/Tenebrio-por-millar-agranel-/TEN-01,/producto/Tenebrio-por-millar-agranel-/TEN-01,producto,200,"Producto - Tenebrio por millar agranel",,,,,,revisar_manual,requiere_revision_manual
https://artiani.com.mx/producto/Termometro_digital_aderible_(calacamonia)_/TER-01,/producto/Termometro_digital_aderible_(calacamonia)_/TER-01,producto,200,"Producto - Termometro_digital_aderible_(calacamonia)_",,,,,,revisar_manual,requiere_revision_manual
https://artiani.com.mx/producto/Toallas-sanitarias-chicas-20-pza/TOLL-01,/producto/Toallas-sanitarias-chicas-20-pza/TOLL-01,producto,200,"Producto - Toallas sanitarias chicas 20 pza",,,,,,revisar_manual,requiere_revision_manual
https://artiani.com.mx/producto/Toallas-sanitarias-grandes-20-pza/TOLL-02,/producto/Toallas-sanitarias-grandes-20-pza/TOLL-02,producto,200,"Producto - Toallas sanitarias grandes 20 pza",,,,,,revisar_manual,requiere_revision_manual
https://artiani.com.mx/producto/Tortuguero-circular-en-kit-/TOR-02,/producto/Tortuguero-circular-en-kit-/TOR-02,producto,200,"Producto - Tortuguero circular en kit",,,,,,revisar_manual,requiere_revision_manual
https://artiani.com.mx/producto/Tortuguero-de-rinon-en-kit/TOR-01,/producto/Tortuguero-de-rinon-en-kit/TOR-01,producto,200,"Producto - Tortuguero de rinon en kit",,,,,,revisar_manual,requiere_revision_manual
https://artiani.com.mx/producto/Transportadora-capsula-apolo-para-mascotas/TRAP-01,/producto/Transportadora-capsula-apolo-para-mascotas/TRAP-01,producto,200,"Producto - Transportadora capsula apolo para mascotas",,,,,,revisar_manual,requiere_revision_manual
https://artiani.com.mx/producto/Transportadora-capsula-mercurio-para-mascotas/TRAP-02,/producto/Transportadora-capsula-mercurio-para-mascotas/TRAP-02,producto,200,"Producto - Transportadora capsula mercurio para mascotas",,,,,,revisar_manual,requiere_revision_manual
https://artiani.com.mx/producto/Transportadora-maletin-delta-armable-chica-/TRA-22,/producto/Transportadora-maletin-delta-armable-chica-/TRA-22,producto,200,"Producto - Transportadora maletin delta armable chica",,,,,,revisar_manual,requiere_revision_manual
https://artiani.com.mx/producto/Transportadora-maletin-delta-armable-mediana-/TRA-21,/producto/Transportadora-maletin-delta-armable-mediana-/TRA-21,producto,200,"Producto - Transportadora maletin delta armable mediana",,,,,,revisar_manual,requiere_revision_manual
https://artiani.com.mx/producto/Transportadora-mid-chica-azul-/MID-04,/producto/Transportadora-mid-chica-azul-/MID-04,producto,200,"Producto - Transportadora mid chica azul",,,,,,revisar_manual,requiere_revision_manual
https://artiani.com.mx/producto/Transportadora-mid-chica-gris-/MID-03,/producto/Transportadora-mid-chica-gris-/MID-03,producto,200,"Producto - Transportadora mid chica gris",,,,,,revisar_manual,requiere_revision_manual
https://artiani.com.mx/producto/Transportadora-mid-mediana-azul/MID-02,/producto/Transportadora-mid-mediana-azul/MID-02,producto,200,"Producto - Transportadora mid mediana azul",,,,,,revisar_manual,requiere_revision_manual
https://artiani.com.mx/producto/Transportadora-mid-mediana-gris-/MID-01,/producto/Transportadora-mid-mediana-gris-/MID-01,producto,200,"Producto - Transportadora mid mediana gris",,,,,,revisar_manual,requiere_revision_manual
https://artiani.com.mx/producto/Vitamina-A-para-tortuga-/VITA-30,/producto/Vitamina-A-para-tortuga-/VITA-30,producto,200,"Producto - Vitamina A para tortuga",,,,,,revisar_manual,requiere_revision_manual
"https://artiani.com.mx/producto/categoria/accesorios,-entrenamiento,-sujetadores-para-gato","/producto/categoria/accesorios,-entrenamiento,-sujetadores-para-gato",categoria,200,"Categoria - Accesorios,-entrenamiento,-sujetadores-para-gato",,,,,,revisar_manual,requiere_revision_manual
"https://artiani.com.mx/producto/categoria/accesorios,-entrenamiento,-sujetadores-para-perro","/producto/categoria/accesorios,-entrenamiento,-sujetadores-para-perro",categoria,200,"Categoria - Accesorios,-entrenamiento,-sujetadores-para-perro",,,,,,revisar_manual,requiere_revision_manual
"https://artiani.com.mx/producto/categoria/acuarios,-nano,-micro-y-megas-con-y-sin-mueble-para-peces-","/producto/categoria/acuarios,-nano,-micro-y-megas-con-y-sin-mueble-para-peces-",categoria,200,"Categoria - Acuarios,-nano,-micro-y-megas-con-y-sin-mueble-para-peces-",,,,,,revisar_manual,requiere_revision_manual
https://artiani.com.mx/producto/categoria/alimentacion_para_hamsters,/producto/categoria/alimentacion_para_hamsters,categoria,200,"Categoria - Alimentacion para hamsters",,,,,,revisar_manual,requiere_revision_manual
https://artiani.com.mx/producto/categoria/alimento-para-gatos,/producto/categoria/alimento-para-gatos,categoria,200,"Categoria - Alimento-para-gatos",,,,,,revisar_manual,requiere_revision_manual
https://artiani.com.mx/producto/categoria/alimento-para-perros-,/producto/categoria/alimento-para-perros-,categoria,200,"Categoria - Alimento-para-perros-",,,,,,revisar_manual,requiere_revision_manual
https://artiani.com.mx/producto/categoria/alimento-y-alimentadores-para-colibri,/producto/categoria/alimento-y-alimentadores-para-colibri,categoria,200,"Categoria - Alimento-y-alimentadores-para-colibri",,,,,,revisar_manual,requiere_revision_manual
https://artiani.com.mx/producto/categoria/alimento-y-alimentadores-para-conejos,/producto/categoria/alimento-y-alimentadores-para-conejos,categoria,200,"Categoria - Alimento-y-alimentadores-para-conejos",,,,,,revisar_manual,requiere_revision_manual
https://artiani.com.mx/producto/categoria/alimento-y-alimentadores-para-cuyo,/producto/categoria/alimento-y-alimentadores-para-cuyo,categoria,200,"Categoria - Alimento-y-alimentadores-para-cuyo",,,,,,revisar_manual,requiere_revision_manual
https://artiani.com.mx/producto/categoria/alimento-y-alimentadores-para-erizo,/producto/categoria/alimento-y-alimentadores-para-erizo,categoria,200,"Categoria - Alimento-y-alimentadores-para-erizo",,,,,,revisar_manual,requiere_revision_manual
https://artiani.com.mx/producto/categoria/alimento_para_tortugas,/producto/categoria/alimento_para_tortugas,categoria,200,"Categoria - Alimento para tortugas",,,,,,revisar_manual,requiere_revision_manual
https://artiani.com.mx/producto/categoria/alimentos-de-acuario,/producto/categoria/alimentos-de-acuario,categoria,200,"Categoria - Alimentos-de-acuario",,,,,,revisar_manual,requiere_revision_manual
https://artiani.com.mx/producto/categoria/alimentos-para-aves,/producto/categoria/alimentos-para-aves,categoria,200,"Categoria - Alimentos-para-aves",,,,,,revisar_manual,requiere_revision_manual
https://artiani.com.mx/producto/categoria/alimentos-para-iguana,/producto/categoria/alimentos-para-iguana,categoria,200,"Categoria - Alimentos-para-iguana",,,,,,revisar_manual,requiere_revision_manual
https://artiani.com.mx/producto/categoria/alimentos-para-mamiferos-roedores,/producto/categoria/alimentos-para-mamiferos-roedores,categoria,200,"Categoria - Alimentos-para-mamiferos-roedores",,,,,,revisar_manual,requiere_revision_manual
https://artiani.com.mx/producto/categoria/alimentos-para-pez-betta,/producto/categoria/alimentos-para-pez-betta,categoria,200,"Categoria - Alimentos-para-pez-betta",,,,,,revisar_manual,requiere_revision_manual
https://artiani.com.mx/producto/categoria/alimentos-vivos,/producto/categoria/alimentos-vivos,categoria,200,"Categoria - Alimentos-vivos",,,,,,revisar_manual,requiere_revision_manual
https://artiani.com.mx/producto/categoria/alimentos-y-aditamentos-para-pajaros,/producto/categoria/alimentos-y-aditamentos-para-pajaros,categoria,200,"Categoria - Alimentos-y-aditamentos-para-pajaros",,,,,,revisar_manual,requiere_revision_manual
https://artiani.com.mx/producto/categoria/alimentos_para_peces,/producto/categoria/alimentos_para_peces,categoria,200,"Categoria - Alimentos para peces",,,,,,revisar_manual,requiere_revision_manual
https://artiani.com.mx/producto/categoria/alimentos_para_reptiles,/producto/categoria/alimentos_para_reptiles,categoria,200,"Categoria - Alimentos para reptiles",,,,,,revisar_manual,requiere_revision_manual
https://artiani.com.mx/producto/categoria/antipulgas-para-perros-y-gatos,/producto/categoria/antipulgas-para-perros-y-gatos,categoria,200,"Categoria - Antipulgas-para-perros-y-gatos",,,,,,revisar_manual,requiere_revision_manual
https://artiani.com.mx/producto/categoria/areneros,/producto/categoria/areneros,categoria,200,"Categoria - Areneros",,,,,,revisar_manual,requiere_revision_manual
https://artiani.com.mx/producto/categoria/bases_para_peceras,/producto/categoria/bases_para_peceras,categoria,200,"Categoria - Bases para peceras",,,,,,revisar_manual,requiere_revision_manual
https://artiani.com.mx/producto/categoria/bombas-sumergibles-,/producto/categoria/bombas-sumergibles-,categoria,200,"Categoria - Bombas-sumergibles-",,,,,,revisar_manual,requiere_revision_manual
https://artiani.com.mx/producto/categoria/calefaccion_para_peces,/producto/categoria/calefaccion_para_peces,categoria,200,"Categoria - Calefaccion para peces",,,,,,revisar_manual,requiere_revision_manual
https://artiani.com.mx/producto/categoria/calefaccion_para_reptiles,/producto/categoria/calefaccion_para_reptiles,categoria,200,"Categoria - Calefaccion para reptiles",,,,,,revisar_manual,requiere_revision_manual
https://artiani.com.mx/producto/categoria/casas_para_perros,/producto/categoria/casas_para_perros,categoria,200,"Categoria - Casas para perros",,,,,,revisar_manual,requiere_revision_manual
https://artiani.com.mx/producto/categoria/decoracion-para-peceras,/producto/categoria/decoracion-para-peceras,categoria,200,"Categoria - Decoracion-para-peceras",,,,,,revisar_manual,requiere_revision_manual
https://artiani.com.mx/producto/categoria/dispensadores_de_agua_y_comida,/producto/categoria/dispensadores_de_agua_y_comida,categoria,200,"Categoria - Dispensadores de agua y comida",,,,,,revisar_manual,requiere_revision_manual
https://artiani.com.mx/producto/categoria/filtracion_y_oxigenacion,/producto/categoria/filtracion_y_oxigenacion,categoria,200,"Categoria - Filtracion y oxigenacion",,,,,,revisar_manual,requiere_revision_manual
https://artiani.com.mx/producto/categoria/habitat-para-mamiferos,/producto/categoria/habitat-para-mamiferos,categoria,200,"Categoria - Habitat-para-mamiferos",,,,,,revisar_manual,requiere_revision_manual
https://artiani.com.mx/producto/categoria/iluminacion_para_peces,/producto/categoria/iluminacion_para_peces,categoria,200,"Categoria - Iluminacion para peces",,,,,,revisar_manual,requiere_revision_manual
https://artiani.com.mx/producto/categoria/index.html,/producto/categoria/index.html,categoria,200,"Categoria - Index.html",,,,,,revisar_manual,requiere_revision_manual
"https://artiani.com.mx/producto/categoria/jaulas,-vallas-y-casas-para-gatos","/producto/categoria/jaulas,-vallas-y-casas-para-gatos",categoria,200,"Categoria - Jaulas,-vallas-y-casas-para-gatos",,,,,,revisar_manual,requiere_revision_manual
https://artiani.com.mx/producto/categoria/jaulas_para_conejos,/producto/categoria/jaulas_para_conejos,categoria,200,"Categoria - Jaulas para conejos",,,,,,revisar_manual,requiere_revision_manual
https://artiani.com.mx/producto/categoria/jaulas_para_cuyos,/producto/categoria/jaulas_para_cuyos,categoria,200,"Categoria - Jaulas para cuyos",,,,,,revisar_manual,requiere_revision_manual
https://artiani.com.mx/producto/categoria/jaulas_para_erizo,/producto/categoria/jaulas_para_erizo,categoria,200,"Categoria - Jaulas para erizo",,,,,,revisar_manual,requiere_revision_manual
https://artiani.com.mx/producto/categoria/jaulas_para_hamsters,/producto/categoria/jaulas_para_hamsters,categoria,200,"Categoria - Jaulas para hamsters",,,,,,revisar_manual,requiere_revision_manual
https://artiani.com.mx/producto/categoria/jaulas_para_pajaros,/producto/categoria/jaulas_para_pajaros,categoria,200,"Categoria - Jaulas para pajaros",,,,,,revisar_manual,requiere_revision_manual
https://artiani.com.mx/producto/categoria/juguetes_para_gatos,/producto/categoria/juguetes_para_gatos,categoria,200,"Categoria - Juguetes para gatos",,,,,,revisar_manual,requiere_revision_manual
https://artiani.com.mx/producto/categoria/juguetes_para_pajaros,/producto/categoria/juguetes_para_pajaros,categoria,200,"Categoria - Juguetes para pajaros",,,,,,revisar_manual,requiere_revision_manual
https://artiani.com.mx/producto/categoria/juguetes_para_perros,/producto/categoria/juguetes_para_perros,categoria,200,"Categoria - Juguetes para perros",,,,,,revisar_manual,requiere_revision_manual
https://artiani.com.mx/producto/categoria/mochilas-transportadoras,/producto/categoria/mochilas-transportadoras,categoria,200,"Categoria - Mochilas-transportadoras",,,,,,revisar_manual,requiere_revision_manual
https://artiani.com.mx/producto/categoria/peceras,/producto/categoria/peceras,categoria,200,"Categoria - Peceras",,,,,,revisar_manual,requiere_revision_manual
https://artiani.com.mx/producto/categoria/peceras-para-bettas-(beteras),/producto/categoria/peceras-para-bettas-(beteras),categoria,200,"Categoria - Peceras-para-bettas-(beteras)",,,,,,revisar_manual,requiere_revision_manual
https://artiani.com.mx/producto/categoria/peceras_equipadas,/producto/categoria/peceras_equipadas,categoria,200,"Categoria - Peceras equipadas",,,,,,revisar_manual,requiere_revision_manual
"https://artiani.com.mx/producto/categoria/platos,-tazones-y-contenedores-de-alimento","/producto/categoria/platos,-tazones-y-contenedores-de-alimento",categoria,200,"Categoria - Platos,-tazones-y-contenedores-de-alimento",,,,,,revisar_manual,requiere_revision_manual
"https://artiani.com.mx/producto/categoria/premios,-snacks-y-desgaste-de-dientes-para-roedor","/producto/categoria/premios,-snacks-y-desgaste-de-dientes-para-roedor",categoria,200,"Categoria - Premios,-snacks-y-desgaste-de-dientes-para-roedor",,,,,,revisar_manual,requiere_revision_manual
https://artiani.com.mx/producto/categoria/rascaderos-para-gato,/producto/categoria/rascaderos-para-gato,categoria,200,"Categoria - Rascaderos-para-gato",,,,,,revisar_manual,requiere_revision_manual
https://artiani.com.mx/producto/categoria/salud-e-higiene-para-conejos,/producto/categoria/salud-e-higiene-para-conejos,categoria,200,"Categoria - Salud-e-higiene-para-conejos",,,,,,revisar_manual,requiere_revision_manual
https://artiani.com.mx/producto/categoria/terrarios,/producto/categoria/terrarios,categoria,200,"Categoria - Terrarios",,,,,,revisar_manual,requiere_revision_manual
https://artiani.com.mx/producto/categoria/tortugueros,/producto/categoria/tortugueros,categoria,200,"Categoria - Tortugueros",,,,,,revisar_manual,requiere_revision_manual
https://artiani.com.mx/producto/categoria/transportadoras-mascoteras-de-plastico,/producto/categoria/transportadoras-mascoteras-de-plastico,categoria,200,"Categoria - Transportadoras-mascoteras-de-plastico",,,,,,revisar_manual,requiere_revision_manual
https://artiani.com.mx/producto/categoria/transportadoras_para_gatos,/producto/categoria/transportadoras_para_gatos,categoria,200,"Categoria - Transportadoras para gatos",,,,,,revisar_manual,requiere_revision_manual
https://artiani.com.mx/producto/categoria/transportadoras_para_perros,/producto/categoria/transportadoras_para_perros,categoria,200,"Categoria - Transportadoras para perros",,,,,,revisar_manual,requiere_revision_manual
https://artiani.com.mx/producto/clasificacion/acuario,/producto/clasificacion/acuario,categoria,200,"Clasificacion - Acuario",,,,,,revisar_manual,requiere_revision_manual
https://artiani.com.mx/producto/clasificacion/aves,/producto/clasificacion/aves,categoria,200,"Clasificacion - Aves",,,,,,revisar_manual,requiere_revision_manual
https://artiani.com.mx/producto/clasificacion/betta,/producto/clasificacion/betta,categoria,200,"Clasificacion - Betta",,,,,,revisar_manual,requiere_revision_manual
https://artiani.com.mx/producto/clasificacion/conejo,/producto/clasificacion/conejo,categoria,200,"Clasificacion - Conejo",,,,,,revisar_manual,requiere_revision_manual
https://artiani.com.mx/producto/clasificacion/cuyo,/producto/clasificacion/cuyo,categoria,200,"Clasificacion - Cuyo",,,,,,revisar_manual,requiere_revision_manual
https://artiani.com.mx/producto/clasificacion/erizo,/producto/clasificacion/erizo,categoria,200,"Clasificacion - Erizo",,,,,,revisar_manual,requiere_revision_manual
https://artiani.com.mx/producto/clasificacion/gato,/producto/clasificacion/gato,categoria,200,"Clasificacion - Gato",,,,,,revisar_manual,requiere_revision_manual
https://artiani.com.mx/producto/clasificacion/hamster,/producto/clasificacion/hamster,categoria,200,"Clasificacion - Hamster",,,,,,revisar_manual,requiere_revision_manual
https://artiani.com.mx/producto/clasificacion/iguana,/producto/clasificacion/iguana,categoria,200,"Clasificacion - Iguana",,,,,,revisar_manual,requiere_revision_manual
https://artiani.com.mx/producto/clasificacion/mamiferos,/producto/clasificacion/mamiferos,categoria,200,"Clasificacion - Mamiferos",,,,,,revisar_manual,requiere_revision_manual
https://artiani.com.mx/producto/clasificacion/perro,/producto/clasificacion/perro,categoria,200,"Clasificacion - Perro",,,,,,revisar_manual,requiere_revision_manual
https://artiani.com.mx/producto/clasificacion/perros-y-gatos,/producto/clasificacion/perros-y-gatos,categoria,200,"Clasificacion - Perros-y-gatos",,,,,,revisar_manual,requiere_revision_manual
https://artiani.com.mx/producto/clasificacion/reptiles,/producto/clasificacion/reptiles,categoria,200,"Clasificacion - Reptiles",,,,,,revisar_manual,requiere_revision_manual
https://artiani.com.mx/producto/clasificacion/tortuga,/producto/clasificacion/tortuga,categoria,200,"Clasificacion - Tortuga",,,,,,revisar_manual,requiere_revision_manual
https://artiani.com.mx/producto/tortuguero-circular-solo/TOR-03,/producto/tortuguero-circular-solo/TOR-03,producto,200,"Producto - Tortuguero circular solo",,,,,,revisar_manual,requiere_revision_manual
https://artiani.com.mx/robots.txt,/robots.txt,desconocido,200,"Artiani acuario, artículos para animales y más",,,,,,revisar_manual,requiere_revision_manual
https://artiani.com.mx/sitemap.xml,/sitemap.xml,desconocido,200,"Artiani acuario, artículos para animales y más",,,,,,revisar_manual,requiere_revision_manual
https://artiani.com.mx/tienda/como_comprar,/tienda/como_comprar,desconocido,200,"COMO COMPRAR - Beay",,,,,,revisar_manual,requiere_revision_manual
https://artiani.com.mx/carrito/empty-cart.html,/carrito/empty-cart.html,desconocido,500,,,,,,,excluir_o_410,requiere_revision_manual
https://artiani.com.mx/carrito/index-skin-base-ball.html,/carrito/index-skin-base-ball.html,desconocido,500,,,,,,,excluir_o_410,requiere_revision_manual
https://artiani.com.mx/carrito/index-skin-football.html,/carrito/index-skin-football.html,desconocido,500,,,,,,,excluir_o_410,requiere_revision_manual
https://artiani.com.mx/carrito/index-skin-snowboards.html,/carrito/index-skin-snowboards.html,desconocido,500,,,,,,,excluir_o_410,requiere_revision_manual
https://artiani.com.mx/carrito/index.html,/carrito/index.html,desconocido,500,,,,,,,excluir_o_410,requiere_revision_manual
https://artiani.com.mx/carrito/product.html,/carrito/product.html,producto,500,,,,,,,excluir_o_410,requiere_revision_manual
https://artiani.com.mx/collections/empty-cart.html,/collections/empty-cart.html,desconocido,200,"Artiani acuario, artículos para animales y más",,,,,,excluir_o_410,requiere_revision_manual
https://artiani.com.mx/collections/index-skin-base-ball.html,/collections/index-skin-base-ball.html,desconocido,200,"Artiani acuario, artículos para animales y más",,,,,,excluir_o_410,requiere_revision_manual
https://artiani.com.mx/collections/index-skin-football.html,/collections/index-skin-football.html,desconocido,200,"Artiani acuario, artículos para animales y más",,,,,,excluir_o_410,requiere_revision_manual
https://artiani.com.mx/collections/index-skin-snowboards.html,/collections/index-skin-snowboards.html,desconocido,200,"Artiani acuario, artículos para animales y más",,,,,,excluir_o_410,requiere_revision_manual
https://artiani.com.mx/collections/index.html,/collections/index.html,desconocido,200,"Artiani acuario, artículos para animales y más",,,,,,excluir_o_410,requiere_revision_manual
https://artiani.com.mx/collections/listing-collection.html,/collections/listing-collection.html,desconocido,200,"Artiani acuario, artículos para animales y más",,,,,,excluir_o_410,requiere_revision_manual
https://artiani.com.mx/collections/listing-left-column.html,/collections/listing-left-column.html,desconocido,200,"Artiani acuario, artículos para animales y más",,,,,,excluir_o_410,requiere_revision_manual
https://artiani.com.mx/collections/product.html,/collections/product.html,producto,200,"Artiani acuario, artículos para animales y más",,,,,,excluir_o_410,requiere_revision_manual
https://artiani.com.mx/collections/womens,/collections/womens,desconocido,200,"Artiani acuario, artículos para animales y más",,,,,,excluir_o_410,requiere_revision_manual
https://artiani.com.mx/empty-cart.html,/empty-cart.html,desconocido,200,"Artiani acuario, artículos para animales y más",,,,,,excluir_o_410,requiere_revision_manual
https://artiani.com.mx/index-skin-base-ball.html,/index-skin-base-ball.html,desconocido,200,"Artiani acuario, artículos para animales y más",,,,,,excluir_o_410,requiere_revision_manual
https://artiani.com.mx/index-skin-football.html,/index-skin-football.html,desconocido,200,"Artiani acuario, artículos para animales y más",,,,,,excluir_o_410,requiere_revision_manual
https://artiani.com.mx/index-skin-snowboards.html,/index-skin-snowboards.html,desconocido,200,"Artiani acuario, artículos para animales y más",,,,,,excluir_o_410,requiere_revision_manual
https://artiani.com.mx/listing-collection.html,/listing-collection.html,desconocido,200,"Artiani acuario, artículos para animales y más",,,,,,excluir_o_410,requiere_revision_manual
https://artiani.com.mx/listing-left-column.html,/listing-left-column.html,desconocido,200,"Artiani acuario, artículos para animales y más",,,,,,excluir_o_410,requiere_revision_manual
https://artiani.com.mx/product.html,/product.html,producto,200,"Artiani acuario, artículos para animales y más",,,,,,excluir_o_410,requiere_revision_manual
https://artiani.com.mx/producto/Cama_antiestres_chica_para_mascotas/empty-cart.html,/producto/Cama_antiestres_chica_para_mascotas/empty-cart.html,producto,200,"Producto - Cama_antiestres_chica_para_mascotas",,,,,,excluir_o_410,requiere_revision_manual
https://artiani.com.mx/producto/Cama_antiestres_chica_para_mascotas/index-skin-base-ball.html,/producto/Cama_antiestres_chica_para_mascotas/index-skin-base-ball.html,producto,200,"Producto - Cama_antiestres_chica_para_mascotas",,,,,,excluir_o_410,requiere_revision_manual
https://artiani.com.mx/producto/Cama_antiestres_chica_para_mascotas/index-skin-football.html,/producto/Cama_antiestres_chica_para_mascotas/index-skin-football.html,producto,200,"Producto - Cama_antiestres_chica_para_mascotas",,,,,,excluir_o_410,requiere_revision_manual
https://artiani.com.mx/producto/Cama_antiestres_chica_para_mascotas/index-skin-snowboards.html,/producto/Cama_antiestres_chica_para_mascotas/index-skin-snowboards.html,producto,200,"Producto - Cama_antiestres_chica_para_mascotas",,,,,,excluir_o_410,requiere_revision_manual
https://artiani.com.mx/producto/Cama_antiestres_chica_para_mascotas/listing-left-column.html,/producto/Cama_antiestres_chica_para_mascotas/listing-left-column.html,producto,200,"Producto - Cama_antiestres_chica_para_mascotas",,,,,,excluir_o_410,requiere_revision_manual
https://artiani.com.mx/producto/Cama_antiestres_chica_para_mascotas/product.html,/producto/Cama_antiestres_chica_para_mascotas/product.html,producto,200,"Producto - Cama_antiestres_chica_para_mascotas",,,,,,excluir_o_410,requiere_revision_manual
https://artiani.com.mx/producto/Cama_antiestres_chica_para_mascotas_/empty-cart.html,/producto/Cama_antiestres_chica_para_mascotas_/empty-cart.html,producto,200,"Producto - Cama_antiestres_chica_para_mascotas_",,,,,,excluir_o_410,requiere_revision_manual
https://artiani.com.mx/producto/Cama_antiestres_chica_para_mascotas_/index-skin-base-ball.html,/producto/Cama_antiestres_chica_para_mascotas_/index-skin-base-ball.html,producto,200,"Producto - Cama_antiestres_chica_para_mascotas_",,,,,,excluir_o_410,requiere_revision_manual
https://artiani.com.mx/producto/Cama_antiestres_chica_para_mascotas_/index-skin-football.html,/producto/Cama_antiestres_chica_para_mascotas_/index-skin-football.html,producto,200,"Producto - Cama_antiestres_chica_para_mascotas_",,,,,,excluir_o_410,requiere_revision_manual
https://artiani.com.mx/producto/Cama_antiestres_chica_para_mascotas_/index-skin-snowboards.html,/producto/Cama_antiestres_chica_para_mascotas_/index-skin-snowboards.html,producto,200,"Producto - Cama_antiestres_chica_para_mascotas_",,,,,,excluir_o_410,requiere_revision_manual
https://artiani.com.mx/producto/Cama_antiestres_chica_para_mascotas_/listing-left-column.html,/producto/Cama_antiestres_chica_para_mascotas_/listing-left-column.html,producto,200,"Producto - Cama_antiestres_chica_para_mascotas_",,,,,,excluir_o_410,requiere_revision_manual
https://artiani.com.mx/producto/Cama_antiestres_chica_para_mascotas_/product.html,/producto/Cama_antiestres_chica_para_mascotas_/product.html,producto,200,"Producto - Cama_antiestres_chica_para_mascotas_",,,,,,excluir_o_410,requiere_revision_manual
https://artiani.com.mx/producto/Cama_antiestres_mediana_para_perros_y_gatos/empty-cart.html,/producto/Cama_antiestres_mediana_para_perros_y_gatos/empty-cart.html,producto,200,"Producto - Cama_antiestres_mediana_para_perros_y_gatos",,,,,,excluir_o_410,requiere_revision_manual
https://artiani.com.mx/producto/Cama_antiestres_mediana_para_perros_y_gatos/index-skin-base-ball.html,/producto/Cama_antiestres_mediana_para_perros_y_gatos/index-skin-base-ball.html,producto,200,"Producto - Cama_antiestres_mediana_para_perros_y_gatos",,,,,,excluir_o_410,requiere_revision_manual
https://artiani.com.mx/producto/Cama_antiestres_mediana_para_perros_y_gatos/index-skin-football.html,/producto/Cama_antiestres_mediana_para_perros_y_gatos/index-skin-football.html,producto,200,"Producto - Cama_antiestres_mediana_para_perros_y_gatos",,,,,,excluir_o_410,requiere_revision_manual
https://artiani.com.mx/producto/Cama_antiestres_mediana_para_perros_y_gatos/index-skin-snowboards.html,/producto/Cama_antiestres_mediana_para_perros_y_gatos/index-skin-snowboards.html,producto,200,"Producto - Cama_antiestres_mediana_para_perros_y_gatos",,,,,,excluir_o_410,requiere_revision_manual
https://artiani.com.mx/producto/Cama_antiestres_mediana_para_perros_y_gatos/listing-left-column.html,/producto/Cama_antiestres_mediana_para_perros_y_gatos/listing-left-column.html,producto,200,"Producto - Cama_antiestres_mediana_para_perros_y_gatos",,,,,,excluir_o_410,requiere_revision_manual
https://artiani.com.mx/producto/Cama_antiestres_mediana_para_perros_y_gatos/product.html,/producto/Cama_antiestres_mediana_para_perros_y_gatos/product.html,producto,200,"Producto - Cama_antiestres_mediana_para_perros_y_gatos",,,,,,excluir_o_410,requiere_revision_manual
https://artiani.com.mx/producto/Rascadero-poste-para-gato/index-skin-base-ball.html,/producto/Rascadero-poste-para-gato/index-skin-base-ball.html,producto,200,"Producto - Rascadero poste para gato",,,,,,excluir_o_410,requiere_revision_manual
https://artiani.com.mx/producto/Rascadero-poste-para-gato/index-skin-football.html,/producto/Rascadero-poste-para-gato/index-skin-football.html,producto,200,"Producto - Rascadero poste para gato",,,,,,excluir_o_410,requiere_revision_manual
https://artiani.com.mx/producto/Rascadero-poste-para-gato/index-skin-snowboards.html,/producto/Rascadero-poste-para-gato/index-skin-snowboards.html,producto,200,"Producto - Rascadero poste para gato",,,,,,excluir_o_410,requiere_revision_manual
https://artiani.com.mx/producto/Suplemento-calcio-+-vitaminas-D3/CAL-02,/producto/Suplemento-calcio-+-vitaminas-D3/CAL-02,producto,500,,,,,,,excluir_o_410,requiere_revision_manual
https://artiani.com.mx/producto/categoria/empty-cart.html,/producto/categoria/empty-cart.html,categoria,200,"Categoria - Empty-cart.html",,,,,,excluir_o_410,requiere_revision_manual
https://artiani.com.mx/producto/categoria/index-skin-base-ball.html,/producto/categoria/index-skin-base-ball.html,categoria,200,"Categoria - Index-skin-base-ball.html",,,,,,excluir_o_410,requiere_revision_manual
https://artiani.com.mx/producto/categoria/index-skin-football.html,/producto/categoria/index-skin-football.html,categoria,200,"Categoria - Index-skin-football.html",,,,,,excluir_o_410,requiere_revision_manual
https://artiani.com.mx/producto/categoria/index-skin-snowboards.html,/producto/categoria/index-skin-snowboards.html,categoria,200,"Categoria - Index-skin-snowboards.html",,,,,,excluir_o_410,requiere_revision_manual
https://artiani.com.mx/producto/categoria/listing-left-column.html,/producto/categoria/listing-left-column.html,categoria,200,"Categoria - Listing-left-column.html",,,,,,excluir_o_410,requiere_revision_manual
https://artiani.com.mx/producto/categoria/product.html,/producto/categoria/product.html,categoria,200,"Categoria - Product.html",,,,,,excluir_o_410,requiere_revision_manual
https://artiani.com.mx/producto/clasificacion/empty-cart.html,/producto/clasificacion/empty-cart.html,categoria,500,,,,,,,excluir_o_410,requiere_revision_manual
https://artiani.com.mx/producto/clasificacion/index-skin-base-ball.html,/producto/clasificacion/index-skin-base-ball.html,categoria,500,,,,,,,excluir_o_410,requiere_revision_manual
https://artiani.com.mx/producto/clasificacion/index-skin-football.html,/producto/clasificacion/index-skin-football.html,categoria,500,,,,,,,excluir_o_410,requiere_revision_manual
https://artiani.com.mx/producto/clasificacion/index-skin-snowboards.html,/producto/clasificacion/index-skin-snowboards.html,categoria,500,,,,,,,excluir_o_410,requiere_revision_manual
https://artiani.com.mx/producto/clasificacion/index.html,/producto/clasificacion/index.html,categoria,500,,,,,,,excluir_o_410,requiere_revision_manual
https://artiani.com.mx/producto/clasificacion/listing-left-column.html,/producto/clasificacion/listing-left-column.html,categoria,500,,,,,,,excluir_o_410,requiere_revision_manual
https://artiani.com.mx/producto/clasificacion/product.html,/producto/clasificacion/product.html,categoria,500,,,,,,,excluir_o_410,requiere_revision_manual
https://artiani.com.mx/tienda/empty-cart.html,/tienda/empty-cart.html,desconocido,500,,,,,,,excluir_o_410,requiere_revision_manual
https://artiani.com.mx/tienda/index-skin-base-ball.html,/tienda/index-skin-base-ball.html,desconocido,500,,,,,,,excluir_o_410,requiere_revision_manual
https://artiani.com.mx/tienda/index-skin-football.html,/tienda/index-skin-football.html,desconocido,500,,,,,,,excluir_o_410,requiere_revision_manual
https://artiani.com.mx/tienda/index-skin-snowboards.html,/tienda/index-skin-snowboards.html,desconocido,500,,,,,,,excluir_o_410,requiere_revision_manual
https://artiani.com.mx/tienda/index.html,/tienda/index.html,desconocido,500,,,,,,,excluir_o_410,requiere_revision_manual
https://artiani.com.mx/tienda/product.html,/tienda/product.html,producto,500,,,,,,,excluir_o_410,requiere_revision_manual
